,,pH probe (pH),,,,,,
1,0.016666667,7.913559914,,,,,,
2,0.033333333,7.901177883,,,,,,
3,0.05,7.864627838,,,,,,
4,0.066666667,7.846182346,,,,,,
5,0.083333333,7.837217331,,,,,,
6,0.1,7.826245308,,,,,,
7,0.116666667,7.815224648,,,,,,
8,0.133333333,7.813107014,,,,,,
9,0.15,7.809612751,,,,,,
10,0.166666667,7.80363512,,,,,,
11,0.183333333,7.794997692,,,,,,
12,0.2,7.78951788,,,,,,
13,0.216666667,7.789687634,,,,,,
14,0.233333333,7.787237644,,,,,,
15,0.25,7.781746864,,,,,,
16,0.266666667,7.776902199,,,,,,
17,0.283333333,7.767478466,,,,,,
18,0.3,7.766324997,,,,,,
19,0.316666667,7.769834042,,,,,,
20,0.333333333,7.766662121,,,,,,
21,0.35,7.767336369,,,,,,
22,0.366666667,7.766407013,,,,,,
23,0.383333333,7.764799595,,,,,,
24,0.4,7.760425091,,,,,,
25,0.416666667,7.757287502,,,,,,
26,0.433333333,7.760786057,,,,,,
27,0.45,7.752912998,,,,,,
28,0.466666667,7.75157547,,,,,,
29,0.483333333,7.749225617,,,,,,
30,0.5,7.742460728,,,,,,
31,0.516666667,7.744876862,,,,,,
32,0.533333333,7.744379044,,,,,,
33,0.55,7.738062382,,,,,,
34,0.566666667,7.735616684,,,,,,
35,0.583333333,7.733041763,,,,,,
36,0.6,7.733475685,,,,,,
37,0.616666667,7.729457378,,,,,,
38,0.633333333,7.725188255,,,,,,
39,0.65,7.723242283,,,,,,
40,0.666666667,7.721229553,,,,,,
41,0.683333333,7.719733715,,,,,,
42,0.7,7.718585968,,,,,,
43,0.716666667,7.716807842,,,,,,
44,0.733333333,7.716116428,,,,,,
45,0.75,7.709996223,,,,,,
46,0.766666667,7.705718041,,,,,,
47,0.783333333,7.703219414,,,,,,
48,0.8,7.703271866,,,,,,
49,0.816666667,7.699959755,,,,,,
50,0.833333333,7.700587273,,,,,,
51,0.85,7.69930172,,,,,,
52,0.866666667,7.699456692,,,,,,
53,0.883333333,7.692884922,,,,,,
54,0.9,7.68866396,,,,,,
55,0.916666667,7.686991692,,,,,,
56,0.933333333,7.683664799,,,,,,
57,0.95,7.683694363,,,,,,
58,0.966666667,7.684737682,,,,,,
59,0.983333333,7.677420139,,,,,,
60,1,7.677822113,,,,,,
61,1.016666667,7.67255497,,,,,,
62,1.033333333,7.668556213,,,,,,
63,1.05,7.668131828,,,,,,
64,1.066666667,7.666158676,,,,,,
65,1.083333333,7.661981106,,,,,,
66,1.1,7.663158417,,,,,,
67,1.116666667,7.665412903,,,,,,
68,1.133333333,7.662742615,,,,,,
69,1.15,7.659961224,,,,,,
70,1.166666667,7.660072804,,,,,,
71,1.183333333,7.654998303,,,,,,
72,1.2,7.654521465,,,,,,
73,1.216666667,7.655684471,,,,,,
74,1.233333333,7.652395725,,,,,,
75,1.25,7.646766186,,,,,,
76,1.266666667,7.647546768,,,,,,
77,1.283333333,7.645966053,,,,,,
78,1.3,7.642251968,,,,,,
79,1.316666667,7.642827511,,,,,,
80,1.333333333,7.642314434,,,,,,
81,1.35,7.638884068,,,,,,
82,1.366666667,7.63961792,,,,,,
83,1.383333333,7.636484146,,,,,,
84,1.4,7.6362257,,,,,,
85,1.416666667,7.634111881,,,,,,
86,1.433333333,7.632014751,,,,,,
87,1.45,7.629345894,,,,,,
88,1.466666667,7.626542091,,,,,,
89,1.483333333,7.628222942,,,,,,
90,1.5,7.620493412,,,,,,
91,1.516666667,7.619185448,,,,,,
92,1.533333333,7.615260601,,,,,,
93,1.55,7.61113596,,,,,,
94,1.566666667,7.608819485,,,,,,
95,1.583333333,7.607615948,,,,,,
96,1.6,7.606758118,,,,,,
97,1.616666667,7.607575417,,,,,,
98,1.633333333,7.60944128,,,,,,
99,1.65,7.60596323,,,,,,
100,1.666666667,7.602040768,,,,,,
101,1.683333333,7.598983765,,,,,,
102,1.7,7.602307797,,,,,,
103,1.716666667,7.59925127,,,,,,
104,1.733333333,7.596528053,,,,,,
105,1.75,7.594248295,,,,,,
106,1.766666667,7.591657639,,,,,,
107,1.783333333,7.588674545,,,,,,
108,1.8,7.585167885,,,,,,
109,1.816666667,7.582753658,,,,,,
110,1.833333333,7.576920033,,,,,,
111,1.85,7.577316761,,,,,,
112,1.866666667,7.578213215,,,,,,
113,1.883333333,7.571298599,,,,,,
114,1.9,7.569795132,,,,,,
115,1.916666667,7.573160172,,,,,,
116,1.933333333,7.565366745,,,,,,
117,1.95,7.563177586,,,,,,
118,1.966666667,7.567519188,,,,,,
119,1.983333333,7.557778835,,,,,,
120,2,7.558187485,,,,,,
121,2.016666667,7.557675362,,,,,,
122,2.033333333,7.786166191,,,,,,
123,2.05,7.803970337,,,,,,
124,2.066666667,7.716253281,,,,,,
125,2.083333333,7.684419155,,,,,,
126,2.1,7.66505909,,,,,,
127,2.116666667,7.64716959,,,,,,
128,2.133333333,7.638735771,,,,,,
129,2.15,7.630110741,,,,,,
130,2.166666667,7.616685867,,,,,,
131,2.183333333,7.613284111,,,,,,
132,2.2,7.606226921,,,,,,
133,2.216666667,7.601159573,,,,,,
134,2.233333333,7.590323448,,,,,,
135,2.25,7.58452034,,,,,,
136,2.266666667,7.581546307,,,,,,
137,2.283333333,7.575204849,,,,,,
138,2.3,7.572504044,,,,,,
139,2.316666667,7.571673393,,,,,,
140,2.333333333,7.562808037,,,,,,
141,2.35,7.559224606,,,,,,
142,2.366666667,7.558356762,,,,,,
143,2.383333333,7.553803921,,,,,,
144,2.4,7.546423912,,,,,,
145,2.416666667,7.544737339,,,,,,
146,2.433333333,7.543942452,,,,,,
147,2.45,7.541046143,,,,,,
148,2.466666667,7.53950119,,,,,,
149,2.483333333,7.538416386,,,,,,
150,2.5,7.54003191,,,,,,
151,2.516666667,7.537955761,,,,,,
152,2.533333333,7.532408238,,,,,,
153,2.55,7.527561188,,,,,,
154,2.566666667,7.524153233,,,,,,
155,2.583333333,7.521600246,,,,,,
156,2.6,7.518926144,,,,,,
157,2.616666667,7.515618801,,,,,,
158,2.633333333,7.510401249,,,,,,
159,2.65,7.509671688,,,,,,
160,2.666666667,7.505788803,,,,,,
161,2.683333333,7.505344391,,,,,,
162,2.7,7.50063324,,,,,,
163,2.716666667,7.499146938,,,,,,
164,2.733333333,7.497695923,,,,,,
165,2.75,7.496417522,,,,,,
166,2.766666667,7.494889259,,,,,,
167,2.783333333,7.490004063,,,,,,
168,2.8,7.487924576,,,,,,
169,2.816666667,7.487763882,,,,,,
170,2.833333333,7.483237267,,,,,,
171,2.85,7.481339932,,,,,,
172,2.866666667,7.478447914,,,,,,
173,2.883333333,7.478254795,,,,,,
174,2.9,7.476150036,,,,,,
175,2.916666667,7.473206997,,,,,,
176,2.933333333,7.468207836,,,,,,
177,2.95,7.469333649,,,,,,
178,2.966666667,7.466135025,,,,,,
179,2.983333333,7.463871479,,,,,,
180,3,7.463201523,,,,,,
181,3.016666667,7.459559917,,,,,,
182,3.033333333,7.458917141,,,,,,
183,3.05,7.457335472,,,,,,
184,3.066666667,7.453701496,,,,,,
185,3.083333333,7.453710079,,,,,,
186,3.1,7.445318222,,,,,,
187,3.116666667,7.443338871,,,,,,
188,3.133333333,7.440211773,,,,,,
189,3.15,7.43928051,,,,,,
190,3.166666667,7.439173222,,,,,,
191,3.183333333,7.437533379,,,,,,
192,3.2,7.439889908,,,,,,
193,3.216666667,7.437649727,,,,,,
194,3.233333333,7.43534708,,,,,,
195,3.25,7.429579258,,,,,,
196,3.266666667,7.426893711,,,,,,
197,3.283333333,7.425204277,,,,,,
198,3.3,7.424907684,,,,,,
199,3.316666667,7.422135353,,,,,,
200,3.333333333,7.421543121,,,,,,
201,3.35,7.418058872,,,,,,
202,3.366666667,7.417722225,,,,,,
203,3.383333333,7.412180424,,,,,,
204,3.4,7.41228056,,,,,,
205,3.416666667,7.410671234,,,,,,
206,3.433333333,7.408780098,,,,,,
207,3.45,7.404388905,,,,,,
208,3.466666667,7.402338505,,,,,,
209,3.483333333,7.399762154,,,,,,
210,3.5,7.398694992,,,,,,
211,3.516666667,7.394454479,,,,,,
212,3.533333333,7.397762775,,,,,,
213,3.55,7.395407677,,,,,,
214,3.566666667,7.392580032,,,,,,
215,3.583333333,7.392697334,,,,,,
216,3.6,7.383802414,,,,,,
217,3.616666667,7.381591797,,,,,,
218,3.633333333,7.381577969,,,,,,
219,3.65,7.381276131,,,,,,
220,3.666666667,7.376777649,,,,,,
221,3.683333333,7.379028797,,,,,,
222,3.7,7.376643658,,,,,,
223,3.716666667,7.372605324,,,,,,
224,3.733333333,7.370353699,,,,,,
225,3.75,7.373037338,,,,,,
226,3.766666667,7.369215965,,,,,,
227,3.783333333,7.370112896,,,,,,
228,3.8,7.364176273,,,,,,
229,3.816666667,7.363818169,,,,,,
230,3.833333333,7.359891415,,,,,,
231,3.85,7.360378742,,,,,,
232,3.866666667,7.359922409,,,,,,
233,3.883333333,7.360108376,,,,,,
234,3.9,7.358761787,,,,,,
235,3.916666667,7.357274532,,,,,,
236,3.933333333,7.352705002,,,,,,
237,3.95,7.350778103,,,,,,
238,3.966666667,7.350507259,,,,,,
239,3.983333333,7.348163605,,,,,,
240,4,7.346226215,,,,,,
241,4.016666667,7.345545292,,,,,,
242,4.033333333,7.343533516,,,,,,
243,4.05,7.33570528,,,,,,
244,4.066666667,7.334360123,,,,,,
245,4.083333333,7.337478161,,,,,,
246,4.1,7.334268093,,,,,,
247,4.116666667,7.334014416,,,,,,
248,4.133333333,7.334635258,,,,,,
249,4.15,7.332437515,,,,,,
250,4.166666667,7.328231812,,,,,,
251,4.183333333,7.326120377,,,,,,
252,4.2,7.327801704,,,,,,
253,4.216666667,7.327698231,,,,,,
254,4.233333333,7.324720383,,,,,,
255,4.25,7.321267128,,,,,,
256,4.266666667,7.318633556,,,,,,
257,4.283333333,7.320216179,,,,,,
258,4.3,7.319497109,,,,,,
259,4.316666667,7.318099022,,,,,,
260,4.333333333,7.309988499,,,,,,
261,4.35,7.307788372,,,,,,
262,4.366666667,7.30730772,,,,,,
263,4.383333333,7.304125786,,,,,,
264,4.4,7.301590443,,,,,,
265,4.416666667,7.300102234,,,,,,
266,4.433333333,7.300759792,,,,,,
267,4.45,7.29545784,,,,,,
268,4.466666667,7.295016766,,,,,,
269,4.483333333,7.298410416,,,,,,
270,4.5,7.295151234,,,,,,
271,4.516666667,7.295079231,,,,,,
272,4.533333333,7.293617249,,,,,,
273,4.55,7.292675972,,,,,,
274,4.566666667,7.289901733,,,,,,
275,4.583333333,7.288479328,,,,,,
276,4.6,7.286909103,,,,,,
277,4.616666667,7.283034802,,,,,,
278,4.633333333,7.280545235,,,,,,
279,4.65,7.279964924,,,,,,
280,4.666666667,7.280783653,,,,,,
281,4.683333333,7.279091358,,,,,,
282,4.7,7.277562141,,,,,,
283,4.716666667,7.274771214,,,,,,
284,4.733333333,7.271378994,,,,,,
285,4.75,7.272761822,,,,,,
286,4.766666667,7.269601822,,,,,,
287,4.783333333,7.267473698,,,,,,
288,4.8,7.26880455,,,,,,
289,4.816666667,7.264270783,,,,,,
290,4.833333333,7.258924961,,,,,,
291,4.85,7.256954193,,,,,,
292,4.866666667,7.286367893,,,,,,
293,4.883333333,7.26757288,,,,,,
294,4.9,7.267161369,,,,,,
295,4.916666667,7.267342567,,,,,,
296,4.933333333,7.261156559,,,,,,
297,4.95,7.254005432,,,,,,
298,4.966666667,7.25119257,,,,,,
299,4.983333333,7.246091366,,,,,,
300,5,7.242599011,,,,,,
301,5.016666667,7.242809773,,,,,,
302,5.033333333,7.241081715,,,,,,
303,5.05,7.235704422,,,,,,
304,5.066666667,7.234805107,,,,,,
305,5.083333333,7.231266022,,,,,,
306,5.1,7.22807312,,,,,,
307,5.116666667,7.225714684,,,,,,
308,5.133333333,7.223161697,,,,,,
309,5.15,7.222345829,,,,,,
310,5.166666667,7.220634937,,,,,,
311,5.183333333,7.22063446,,,,,,
312,5.2,7.219761848,,,,,,
313,5.216666667,7.217060089,,,,,,
314,5.233333333,7.213977814,,,,,,
315,5.25,7.212524891,,,,,,
316,5.266666667,7.21106863,,,,,,
317,5.283333333,7.209795475,,,,,,
318,5.3,7.209187508,,,,,,
319,5.316666667,7.205434322,,,,,,
320,5.333333333,7.202044964,,,,,,
321,5.35,7.202253342,,,,,,
322,5.366666667,7.197210312,,,,,,
323,5.383333333,7.197071075,,,,,,
324,5.4,7.195822716,,,,,,
325,5.416666667,7.193146229,,,,,,
326,5.433333333,7.191144943,,,,,,
327,5.45,7.187791348,,,,,,
328,5.466666667,7.184124947,,,,,,
329,5.483333333,7.181460381,,,,,,
330,5.5,7.17966795,,,,,,
331,5.516666667,7.178844452,,,,,,
332,5.533333333,7.17934227,,,,,,
333,5.55,7.175414085,,,,,,
334,5.566666667,7.175142288,,,,,,
335,5.583333333,7.172623634,,,,,,
336,5.6,7.168091774,,,,,,
337,5.616666667,7.165762425,,,,,,
338,5.633333333,7.159366608,,,,,,
339,5.65,7.159146786,,,,,,
340,5.666666667,7.158092499,,,,,,
341,5.683333333,7.158001423,,,,,,
342,5.7,7.158491135,,,,,,
343,5.716666667,7.158855438,,,,,,
344,5.733333333,7.153187275,,,,,,
345,5.75,7.145957947,,,,,,
346,5.766666667,7.144215107,,,,,,
347,5.783333333,7.144098282,,,,,,
348,5.8,7.142400265,,,,,,
349,5.816666667,7.142121792,,,,,,
350,5.833333333,7.141562939,,,,,,
351,5.85,7.140683174,,,,,,
352,5.866666667,7.13897419,,,,,,
353,5.883333333,7.135101795,,,,,,
354,5.9,7.134546757,,,,,,
355,5.916666667,7.134953499,,,,,,
356,5.933333333,7.134912491,,,,,,
357,5.95,7.127929688,,,,,,
358,5.966666667,7.128710747,,,,,,
359,5.983333333,7.125825405,,,,,,
360,6,7.124292374,,,,,,
361,6.016666667,7.124606609,,,,,,
362,6.033333333,7.120442867,,,,,,
363,6.05,7.118044853,,,,,,
364,6.066666667,7.116300583,,,,,,
365,6.083333333,7.11280632,,,,,,
366,6.1,7.10821867,,,,,,
367,6.116666667,7.105249405,,,,,,
368,6.133333333,7.10392952,,,,,,
369,6.15,7.102140427,,,,,,
370,6.166666667,7.100082874,,,,,,
371,6.183333333,7.099510193,,,,,,
372,6.2,7.096918106,,,,,,
373,6.216666667,7.093200207,,,,,,
374,6.233333333,7.092114449,,,,,,
375,6.25,7.089683056,,,,,,
376,6.266666667,7.08793211,,,,,,
377,6.283333333,7.086383343,,,,,,
378,6.3,7.084311485,,,,,,
379,6.316666667,7.082174301,,,,,,
380,6.333333333,7.082752228,,,,,,
381,6.35,7.083459854,,,,,,
382,6.366666667,7.081224442,,,,,,
383,6.383333333,7.077197075,,,,,,
384,6.4,7.076312065,,,,,,
385,6.416666667,7.070516586,,,,,,
386,6.433333333,7.06880331,,,,,,
387,6.45,7.067594051,,,,,,
388,6.466666667,7.063937187,,,,,,
389,6.483333333,7.06511116,,,,,,
390,6.5,7.064051628,,,,,,
391,6.516666667,7.062346458,,,,,,
392,6.533333333,7.060116291,,,,,,
393,6.55,7.057080269,,,,,,
394,6.566666667,7.056725025,,,,,,
395,6.583333333,7.052114964,,,,,,
396,6.6,7.053197384,,,,,,
397,6.616666667,7.052423477,,,,,,
398,6.633333333,7.050899983,,,,,,
399,6.65,7.048577309,,,,,,
400,6.666666667,7.049909115,,,,,,
401,6.683333333,7.046460629,,,,,,
402,6.7,7.044935703,,,,,,
403,6.716666667,7.040680885,,,,,,
404,6.733333333,7.040081501,,,,,,
405,6.75,7.035196781,,,,,,
406,6.766666667,7.033546448,,,,,,
407,6.783333333,7.033501148,,,,,,
408,6.8,7.033448696,,,,,,
409,6.816666667,7.033429623,,,,,,
410,6.833333333,7.029444695,,,,,,
411,6.85,7.027554512,,,,,,
412,6.866666667,7.025521278,,,,,,
413,6.883333333,7.023643971,,,,,,
414,6.9,7.02110529,,,,,,
415,6.916666667,7.021824837,,,,,,
416,6.933333333,7.021523476,,,,,,
417,6.95,7.01932621,,,,,,
418,6.966666667,7.020518303,,,,,,
419,6.983333333,7.01590538,,,,,,
420,7,7.011834145,,,,,,
421,7.016666667,7.012365341,,,,,,
422,7.033333333,7.011339188,,,,,,
423,7.05,7.00624752,,,,,,
424,7.066666667,7.004871368,,,,,,
425,7.083333333,7.004712582,,,,,,
426,7.1,7.002041817,,,,,,
427,7.116666667,6.999269009,,,,,,
428,7.133333333,6.997311592,,,,,,
429,7.15,6.997166634,,,,,,
430,7.166666667,6.996467114,,,,,,
431,7.183333333,6.996913433,,,,,,
432,7.2,6.995260239,,,,,,
433,7.216666667,6.991819859,,,,,,
434,7.233333333,6.99002552,,,,,,
435,7.25,6.990812302,,,,,,
436,7.266666667,6.986729145,,,,,,
437,7.283333333,6.981386662,,,,,,
438,7.3,6.980012417,,,,,,
439,7.316666667,6.978420258,,,,,,
440,7.333333333,6.9764328,,,,,,
441,7.35,6.973907948,,,,,,
442,7.366666667,6.972945213,,,,,,
443,7.383333333,6.970243454,,,,,,
444,7.4,6.968087673,,,,,,
445,7.416666667,6.971923351,,,,,,
446,7.433333333,6.96865654,,,,,,
447,7.45,6.966920853,,,,,,
448,7.466666667,6.963214874,,,,,,
449,7.483333333,6.96305275,,,,,,
450,7.5,6.961094856,,,,,,
451,7.516666667,6.94392252,,,,,,
452,7.533333333,6.948949814,,,,,,
453,7.55,6.951446533,,,,,,
454,7.566666667,6.952108383,,,,,,
455,7.583333333,6.948639393,,,,,,
456,7.6,6.950340271,,,,,,
457,7.616666667,6.950306892,,,,,,
458,7.633333333,6.946834564,,,,,,
459,7.65,6.944917202,,,,,,
460,7.666666667,6.947611809,,,,,,
461,7.683333333,6.942835331,,,,,,
462,7.7,6.938085079,,,,,,
463,7.716666667,6.939147472,,,,,,
464,7.733333333,6.938004494,,,,,,
465,7.75,6.935914993,,,,,,
466,7.766666667,6.932592869,,,,,,
467,7.783333333,6.933434963,,,,,,
468,7.8,6.927746296,,,,,,
469,7.816666667,6.924960613,,,,,,
470,7.833333333,6.923939228,,,,,,
471,7.85,6.917569161,,,,,,
472,7.866666667,6.918669701,,,,,,
473,7.883333333,6.917915344,,,,,,
474,7.9,6.916941643,,,,,,
475,7.916666667,6.913955212,,,,,,
476,7.933333333,6.911953449,,,,,,
477,7.95,6.909466744,,,,,,
478,7.966666667,6.907344341,,,,,,
479,7.983333333,6.909594059,,,,,,
480,8,6.907858372,,,,,,
481,8.016666667,6.903602123,,,,,,
482,8.033333333,6.90095377,,,,,,
483,8.05,6.900023937,,,,,,
484,8.066666667,6.896494865,,,,,,
485,8.083333333,6.89383173,,,,,,
486,8.1,6.894534111,,,,,,
487,8.116666667,6.893888474,,,,,,
488,8.133333333,6.892434597,,,,,,
489,8.15,6.890191555,,,,,,
490,8.166666667,6.890711308,,,,,,
491,8.183333333,6.887467861,,,,,,
492,8.2,6.882476807,,,,,,
493,8.216666667,6.881159306,,,,,,
494,8.233333333,6.884618282,,,,,,
495,8.25,6.882591248,,,,,,
496,8.266666667,6.878806591,,,,,,
497,8.283333333,6.87966919,,,,,,
498,8.3,6.87660265,,,,,,
499,8.316666667,6.875041008,,,,,,
500,8.333333333,6.870382309,,,,,,
501,8.35,6.870909214,,,,,,
502,8.366666667,6.871378422,,,,,,
503,8.383333333,6.867415428,,,,,,
504,8.4,6.867526054,,,,,,
505,8.416666667,6.864361763,,,,,,
506,8.433333333,6.862774372,,,,,,
507,8.45,6.861849785,,,,,,
508,8.466666667,6.858590603,,,,,,
509,8.483333333,6.858962536,,,,,,
510,8.5,6.858290196,,,,,,
511,8.516666667,6.8537817,,,,,,
512,8.533333333,6.850139141,,,,,,
513,8.55,6.849989891,,,,,,
514,8.566666667,6.851984024,,,,,,
515,8.583333333,6.844758511,,,,,,
516,8.6,6.843238354,,,,,,
517,8.616666667,6.848525047,,,,,,
518,8.633333333,6.843484402,,,,,,
519,8.65,6.845458984,,,,,,
520,8.666666667,6.839890003,,,,,,
521,8.683333333,6.835760593,,,,,,
522,8.7,6.834736824,,,,,,
523,8.716666667,6.834353447,,,,,,
524,8.733333333,6.832598686,,,,,,
525,8.75,6.825261116,,,,,,
526,8.766666667,6.823406696,,,,,,
527,8.783333333,6.822335243,,,,,,
528,8.8,6.821498394,,,,,,
529,8.816666667,6.816653729,,,,,,
530,8.833333333,6.813252926,,,,,,
531,8.85,6.813831329,,,,,,
532,8.866666667,6.812318325,,,,,,
533,8.883333333,6.808487415,,,,,,
534,8.9,6.805737972,,,,,,
535,8.916666667,6.808369637,,,,,,
536,8.933333333,6.801684856,,,,,,
537,8.95,6.80019474,,,,,,
538,8.966666667,6.797018528,,,,,,
539,8.983333333,6.799785614,,,,,,
540,9,6.793379784,,,,,,
541,9.016666667,6.793072701,,,,,,
542,9.033333333,6.790288925,,,,,,
543,9.05,6.783006668,,,,,,
544,9.066666667,6.782245636,,,,,,
545,9.083333333,6.780483723,,,,,,
546,9.1,6.779258728,,,,,,
547,9.116666667,6.779129982,,,,,,
548,9.133333333,6.778607369,,,,,,
549,9.15,6.774966717,,,,,,
550,9.166666667,6.771187782,,,,,,
551,9.183333333,6.768379688,,,,,,
552,9.2,6.764059067,,,,,,
553,9.216666667,6.764032841,,,,,,
554,9.233333333,6.76696682,,,,,,
555,9.25,6.759232044,,,,,,
556,9.266666667,6.757594109,,,,,,
557,9.283333333,6.754012585,,,,,,
558,9.3,6.752600193,,,,,,
559,9.316666667,6.749093533,,,,,,
560,9.333333333,6.747105598,,,,,,
561,9.35,6.744934559,,,,,,
562,9.366666667,6.739944458,,,,,,
563,9.383333333,6.741476059,,,,,,
564,9.4,6.748274803,,,,,,
565,9.416666667,6.735869408,,,,,,
566,9.433333333,6.730378151,,,,,,
567,9.45,6.731058598,,,,,,
568,9.466666667,6.728718758,,,,,,
569,9.483333333,6.727850437,,,,,,
570,9.5,6.727864742,,,,,,
571,9.516666667,6.7252841,,,,,,
572,9.533333333,6.724137306,,,,,,
573,9.55,6.721019268,,,,,,
574,9.566666667,6.719993115,,,,,,
575,9.583333333,6.716100216,,,,,,
576,9.6,6.718955994,,,,,,
577,9.616666667,6.713573933,,,,,,
578,9.633333333,6.712343693,,,,,,
579,9.65,6.711681843,,,,,,
580,9.666666667,6.705011845,,,,,,
581,9.683333333,6.701293945,,,,,,
582,9.7,6.70314312,,,,,,
583,9.716666667,6.702414513,,,,,,
584,9.733333333,6.693986416,,,,,,
585,9.75,6.695501804,,,,,,
586,9.766666667,6.69485569,,,,,,
587,9.783333333,6.690931797,,,,,,
588,9.8,6.68623209,,,,,,
589,9.816666667,6.687277317,,,,,,
590,9.833333333,6.683986664,,,,,,
591,9.85,6.681345463,,,,,,
592,9.866666667,6.67958498,,,,,,
593,9.883333333,6.673769951,,,,,,
594,9.9,6.676753521,,,,,,
595,9.916666667,6.674703121,,,,,,
596,9.933333333,6.667031288,,,,,,
597,9.95,6.665257931,,,,,,
598,9.966666667,6.666807652,,,,,,
599,9.983333333,6.66425705,,,,,,
600,10,6.663552284,,,,,,
601,10.01666667,6.658959866,,,,,,
602,10.03333333,6.660825253,,,,,,
603,10.05,6.655798912,,,,,,
604,10.06666667,6.657712936,,,,,,
605,10.08333333,6.652226925,,,,,,
606,10.1,6.64750576,,,,,,
607,10.11666667,6.645170212,,,,,,
608,10.13333333,6.642495155,,,,,,
609,10.15,6.640001297,,,,,,
610,10.16666667,6.633764267,,,,,,
611,10.18333333,6.633001804,,,,,,
612,10.2,6.631875992,,,,,,
613,10.21666667,6.628211975,,,,,,
614,10.23333333,6.626768589,,,,,,
615,10.25,6.625088692,,,,,,
616,10.26666667,6.622891903,,,,,,
617,10.28333333,6.618865013,,,,,,
618,10.3,6.618696213,,,,,,
619,10.31666667,6.616009235,,,,,,
620,10.33333333,6.612538338,,,,,,
621,10.35,6.608417511,,,,,,
622,10.36666667,6.605750084,,,,,,
623,10.38333333,6.599999428,,,,,,
624,10.4,6.59998703,,,,,,
625,10.41666667,6.596059799,,,,,,
626,10.43333333,6.592319012,,,,,,
627,10.45,6.586008072,,,,,,
628,10.46666667,6.585783958,,,,,,
629,10.48333333,6.585232258,,,,,,
630,10.5,6.58129549,,,,,,
631,10.51666667,6.578103542,,,,,,
632,10.53333333,6.575752735,,,,,,
633,10.55,6.56976223,,,,,,
634,10.56666667,6.564983845,,,,,,
635,10.58333333,6.56434536,,,,,,
636,10.6,6.564907551,,,,,,
637,10.61666667,6.561535358,,,,,,
638,10.63333333,6.559556961,,,,,,
639,10.65,6.558116913,,,,,,
640,10.66666667,6.553877831,,,,,,
641,10.68333333,6.552225113,,,,,,
642,10.7,6.549472809,,,,,,
643,10.71666667,6.548613071,,,,,,
644,10.73333333,6.545131207,,,,,,
645,10.75,6.54121542,,,,,,
646,10.76666667,6.534865856,,,,,5 minute mark,
647,10.78333333,6.533584118,,,,,0.636947527,7.286367893
648,10.8,6.529420853,,,,,,
649,10.81666667,6.524640083,,,,,,
650,10.83333333,6.518975735,,,,,,
651,10.85,6.519989967,,,,,,
652,10.86666667,6.51545763,,,,,,
653,10.88333333,6.512403488,,,,,,
654,10.9,6.509949207,,,,,,
655,10.91666667,6.50294447,,,,,,
656,10.93333333,6.498497486,,,,,,
657,10.95,6.496749401,,,,,,
658,10.96666667,6.490017414,,,,,,
659,10.98333333,6.489653587,,,,,,
660,11,6.488357067,,,,,,
661,11.01666667,6.484241486,,,,,,
662,11.03333333,6.477978706,,,,,,
663,11.05,6.477883816,,,,,,
664,11.06666667,6.476125717,,,,,,
665,11.08333333,6.471511841,,,,,,
666,11.1,6.468717098,,,,,,
667,11.11666667,6.466125011,,,,,,
668,11.13333333,6.464347363,,,,,,
669,11.15,6.461762905,,,,,,
670,11.16666667,6.460372448,,,,,,
671,11.18333333,6.457678318,,,,,,
672,11.2,6.452583313,,,,,,
673,11.21666667,6.452087879,,,,,,
674,11.23333333,6.447605133,,,,,,
675,11.25,6.443838596,,,,,,
676,11.26666667,6.440439701,,,,,,
677,11.28333333,6.439526558,,,,,,
678,11.3,6.436254501,,,,,,
679,11.31666667,6.432561398,,,,,,
680,11.33333333,6.431233883,,,,,,
681,11.35,6.426514149,,,,,,
682,11.36666667,6.425010681,,,,,,
683,11.38333333,6.422482014,,,,,,
684,11.4,6.420107842,,,,,,
685,11.41666667,6.418172836,,,,,,
686,11.43333333,6.413890839,,,,,,
687,11.45,6.403166771,,,,,,
688,11.46666667,6.400757313,,,,,,
689,11.48333333,6.400431156,,,,,,
690,11.5,6.395539761,,,,,,
691,11.51666667,6.394927979,,,,,,
692,11.53333333,6.394588471,,,,,,
693,11.55,6.391924381,,,,,,
694,11.56666667,6.383703709,,,,,,
695,11.58333333,6.383354664,,,,,,
696,11.6,6.380059719,,,,,,
697,11.61666667,6.375696182,,,,,,
698,11.63333333,6.374392986,,,,,,
699,11.65,6.371257305,,,,,,
700,11.66666667,6.368279934,,,,,,
701,11.68333333,6.364422798,,,,,,
702,11.7,6.361638069,,,,,,
703,11.71666667,6.357745647,,,,,,
704,11.73333333,6.355107307,,,,,,
705,11.75,6.352453709,,,,,,
706,11.76666667,6.348261356,,,,,,
707,11.78333333,6.343050957,,,,,,
708,11.8,6.340110302,,,,,,
709,11.81666667,6.337339878,,,,,,
710,11.83333333,6.333986282,,,,,,
711,11.85,6.331539631,,,,,,
712,11.86666667,6.328006744,,,,,,
713,11.88333333,6.321984291,,,,,,
714,11.9,6.317379475,,,,,,
715,11.91666667,6.313539028,,,,,,
716,11.93333333,6.308442116,,,,,,
717,11.95,6.305472374,,,,,,
718,11.96666667,6.30077219,,,,,,
719,11.98333333,6.298347473,,,,,,
720,12,6.290920258,,,,,,
721,12.01666667,6.290094852,,,,,,
722,12.03333333,6.288875103,,,,,,
723,12.05,6.28475523,,,,,,
724,12.06666667,6.283342362,,,,,,
725,12.08333333,6.279748917,,,,,,
726,12.1,6.274277687,,,,,,
727,12.11666667,6.270555973,,,,,,
728,12.13333333,6.267259121,,,,,,
729,12.15,6.263189793,,,,,,
730,12.16666667,6.259345532,,,,,,
731,12.18333333,6.255116463,,,,,,
732,12.2,6.250620365,,,,,,
733,12.21666667,6.246909142,,,,,,
734,12.23333333,6.241929531,,,,,,
735,12.25,6.239437103,,,,,,
736,12.26666667,6.237111569,,,,,,
737,12.28333333,6.232925415,,,,,,
738,12.3,6.228765488,,,,,,
739,12.31666667,6.225896835,,,,,,
740,12.33333333,6.227128506,,,,,,
741,12.35,6.221070766,,,,,,
742,12.36666667,6.217215061,,,,,,
743,12.38333333,6.210274696,,,,,,
744,12.4,6.205399513,,,,,,
745,12.41666667,6.200261593,,,,,,
746,12.43333333,6.196711063,,,,,,
747,12.45,6.187468529,,,,,,
748,12.46666667,6.185808182,,,,,,
749,12.48333333,6.17992115,,,,,,
750,12.5,6.176109314,,,,,,
751,12.51666667,6.175305843,,,,,,
752,12.53333333,6.172420502,,,,,,
753,12.55,6.167926788,,,,,,
754,12.56666667,6.16203022,,,,,,
755,12.58333333,6.1582551,,,,,,
756,12.6,6.153837681,,,,,,
757,12.61666667,6.147194862,,,,,,
758,12.63333333,6.145423412,,,,,,
759,12.65,6.140095711,,,,,,
760,12.66666667,6.134693146,,,,,,
761,12.68333333,6.135462284,,,,,,
762,12.7,6.126023293,,,,,,
763,12.71666667,6.121921539,,,,,,
764,12.73333333,6.118388176,,,,,,
765,12.75,6.115113735,,,,,,
766,12.76666667,6.108516216,,,,,,
767,12.78333333,6.104024887,,,,,,
768,12.8,6.102630615,,,,,,
769,12.81666667,6.091474533,,,,,,
770,12.83333333,6.084758759,,,,,,
771,12.85,6.079933167,,,,,,
772,12.86666667,6.0796175,,,,,,
773,12.88333333,6.072183132,,,,,,
774,12.9,6.066392422,,,,,,
775,12.91666667,6.062270641,,,,,,
776,12.93333333,6.060103893,,,,,,
777,12.95,6.053055286,,,,,,
778,12.96666667,6.045419216,,,,,,
779,12.98333333,6.037619114,,,,,,
780,13,6.031992436,,,,,,
781,13.01666667,6.02888298,,,,,,
782,13.03333333,6.02457571,,,,,,
783,13.05,6.016518116,,,,,,
784,13.06666667,6.013332844,,,,,,
785,13.08333333,6.008373261,,,,,,
786,13.1,6.003283024,,,,,,
787,13.11666667,5.998198509,,,,,,
788,13.13333333,5.989535809,,,,,,
789,13.15,5.983919621,,,,,,
790,13.16666667,5.979052544,,,,,,
791,13.18333333,5.977014065,,,,,,
792,13.2,5.967478752,,,,,,
793,13.21666667,5.961805344,,,,,,
794,13.23333333,5.958199024,,,,,,
795,13.25,5.952296734,,,,,,
796,13.26666667,5.943874836,,,,,,
797,13.28333333,5.93863678,,,,,,
798,13.3,5.935495853,,,,,,
799,13.31666667,5.929928303,,,,,,
800,13.33333333,5.921256065,,,,,,
801,13.35,5.913825512,,,,,,
802,13.36666667,5.90978384,,,,,,
803,13.38333333,5.902094364,,,,,,
804,13.4,5.893781662,,,,,,
805,13.41666667,5.891013622,,,,,,
806,13.43333333,5.884711266,,,,,,
807,13.45,5.877676487,,,,,,
808,13.46666667,5.869651318,,,,,,
809,13.48333333,5.863398075,,,,,,
810,13.5,5.852266312,,,,,,
811,13.51666667,5.844439507,,,,,,
812,13.53333333,5.835925102,,,,,,
813,13.55,5.826141834,,,,,,
814,13.56666667,5.816421509,,,,,,
815,13.58333333,5.809830666,,,,,,
816,13.6,5.801735878,,,,,,
817,13.61666667,5.793259621,,,,,,
818,13.63333333,5.783155441,,,,,,
819,13.65,5.770021915,,,,,,
820,13.66666667,5.763627529,,,,,,
821,13.68333333,5.751497746,,,,,,
822,13.7,5.740734577,,,,,,
823,13.71666667,5.734634876,,,,,,
824,13.73333333,5.723755837,,,,,,
825,13.75,5.714577198,,,,,,
826,13.76666667,5.702052116,,,,,,
827,13.78333333,5.69416523,,,,,,
828,13.8,5.684689999,,,,,,
829,13.81666667,5.672681332,,,,,,
830,13.83333333,5.662305832,,,,,,
831,13.85,5.651435852,,,,,,
832,13.86666667,5.643528462,,,,,,
833,13.88333333,5.633882999,,,,,,
834,13.9,5.620000362,,,,,,
835,13.91666667,5.609638691,,,,,,
836,13.93333333,5.596993923,,,,,,
837,13.95,5.58680439,,,,,,
838,13.96666667,5.57568264,,,,,,
839,13.98333333,5.562204838,,,,,,
840,14,5.548475266,,,,,,
841,14.01666667,5.532012463,,,,,,
842,14.03333333,5.514064312,,,,,,
843,14.05,5.499369144,,,,,,
844,14.06666667,5.483460903,,,,,,
845,14.08333333,5.468684197,,,,,,
846,14.1,5.453601837,,,,,,
847,14.11666667,5.441008091,,,,,,
848,14.13333333,5.427800179,,,,,,
849,14.15,5.41281271,,,,,,
850,14.16666667,5.391373158,,,,,,
851,14.18333333,5.375541687,,,,,,
852,14.2,5.358683586,,,,,,
853,14.21666667,5.33763504,,,,,,
854,14.23333333,5.316817284,,,,,,
855,14.25,5.297382355,,,,,,
856,14.26666667,5.276245594,,,,,,
857,14.28333333,5.254612923,,,,,,
858,14.3,5.234263897,,,,,,
859,14.31666667,5.216084957,,,,,,
860,14.33333333,5.19834137,,,,,,
861,14.35,5.174434662,,,,,,
862,14.36666667,5.147351265,,,,,,
863,14.38333333,5.130047798,,,,,,
864,14.4,5.114681721,,,,,,
865,14.41666667,5.091057777,,,,,,
866,14.43333333,5.056118965,,,,,,
867,14.45,5.024459362,,,,,,
868,14.46666667,4.99775362,,,,,,
869,14.48333333,4.974951267,,,,,,
870,14.5,4.950378418,,,,,,
871,14.51666667,4.934398651,,,,,,
872,14.53333333,4.913758278,,,,,,
873,14.55,4.885781288,,,,,,
874,14.56666667,4.862391949,,,,,,
875,14.58333333,4.841714382,,,,,,
876,14.6,4.820586681,,,,,,
877,14.61666667,4.796081543,,,,,,
878,14.63333333,4.770261765,,,,,,
879,14.65,4.738213062,,,,,,
880,14.66666667,4.709385395,,,,,,
881,14.68333333,4.686861038,,,,,,
882,14.7,4.659113407,,,,,,
883,14.71666667,4.643964768,,,,,,
884,14.73333333,4.631833077,,,,,,
885,14.75,4.610788822,,,,,,
886,14.76666667,4.597853661,,,,,,
887,14.78333333,4.583260059,,,,,,
888,14.8,4.570248604,,,,,,
889,14.81666667,4.551319599,,,,,,
890,14.83333333,4.529602051,,,,,,
891,14.85,4.51498127,,,,,,
892,14.86666667,4.503157139,,,,,,
893,14.88333333,4.491495609,,,,,,
894,14.9,4.479136467,,,,,,
895,14.91666667,4.461756706,,,,,,
896,14.93333333,4.444628239,,,,,,
897,14.95,4.430713654,,,,,,
898,14.96666667,4.415156841,,,,,,
899,14.98333333,4.400267124,,,,,,
900,15,4.388395309,,,,,,
901,15.01666667,4.382657051,,,,,,
902,15.03333333,4.369681835,,,,,,
903,15.05,4.359984398,,,,,,
904,15.06666667,4.350144386,,,,,,
905,15.08333333,4.340789795,,,,,,
906,15.1,4.329614639,,,,,,
907,15.11666667,4.324344635,,,,,,
908,15.13333333,4.320170879,,,,,,
909,15.15,4.31159687,,,,,,
910,15.16666667,4.305074692,,,,,,
911,15.18333333,4.291448593,,,,,,
912,15.2,4.28273201,,,,,,
913,15.21666667,4.272830486,,,,,,
914,15.23333333,4.261876106,,,,,,
915,15.25,4.255181789,,,,,,
916,15.26666667,4.249944687,,,,,,
917,15.28333333,4.24490118,,,,,,
918,15.3,4.236747742,,,,,,
919,15.31666667,4.232295036,,,,,,
920,15.33333333,4.22717905,,,,,,
921,15.35,4.223618507,,,,,,
922,15.36666667,4.211788654,,,,,,
923,15.38333333,4.208720207,,,,,,
924,15.4,4.20328331,,,,,,
925,15.41666667,4.195336819,,,,,,
926,15.43333333,4.185425758,,,,,,
927,15.45,4.174937725,,,,,,
928,15.46666667,4.172621727,,,,,,
929,15.48333333,4.169273377,,,,,,
930,15.5,4.160368443,,,,,,
931,15.51666667,4.156140804,,,,,,
932,15.53333333,4.15511179,,,,,,
933,15.55,4.145667553,,,,,,
934,15.56666667,4.140600205,,,,,,
935,15.58333333,4.131802082,,,,,,
936,15.6,4.129185677,,,,,,
937,15.61666667,4.131453037,,,,,,
938,15.63333333,4.121949673,,,,,,
939,15.65,4.115229607,,,,,,
940,15.66666667,4.111372471,,,,,,
941,15.68333333,4.110815525,,,,,,
942,15.7,4.107448578,,,,,,
943,15.71666667,4.101597309,,,,,,
944,15.73333333,3.796225548,,,,,,
945,15.75,3.372624636,,,,,,
946,15.76666667,3.585195303,,,,,,
947,15.78333333,3.692528248,,,,,,
948,15.8,3.751987457,,,,,,
949,15.81666667,3.790691614,,,,,,
950,15.83333333,3.818552971,,,,,,
951,15.85,3.83840704,,,,,,
952,15.86666667,3.848212719,,,,,,
953,15.88333333,3.861570835,,,,,,
954,15.9,3.877178669,,,,,,
955,15.91666667,3.882535696,,,,,,
956,15.93333333,3.89342165,,,,,,
957,15.95,3.898910046,,,,,,
958,15.96666667,3.895884275,,,,,,
959,15.98333333,3.902128458,,,,,,
960,16,3.906211138,,,,,,
961,16.01666667,3.906852245,,,,,,
962,16.03333333,3.911177874,,,,,,
963,16.05,3.915581226,,,,,,
964,16.06666667,3.918581247,,,,,,
965,16.08333333,3.92091012,,,,,,
966,16.1,3.92210269,,,,,,
967,16.11666667,3.923481226,,,,,,
968,16.13333333,3.918103695,,,,,,
969,16.15,3.916834354,,,,,,
970,16.16666667,3.914195299,,,,,,
971,16.18333333,3.919752359,,,,,,
972,16.2,3.920357943,,,,,,
973,16.21666667,3.920369148,,,,,,
974,16.23333333,3.925363541,,,,,,
975,16.25,3.92463994,,,,,,
976,16.26666667,3.923017979,,,,,,
977,16.28333333,3.923307896,,,,,,
978,16.3,3.922483206,,,,,,
979,16.31666667,3.921122313,,,,,,
980,16.33333333,3.921410322,,,,,,
981,16.35,3.921897888,,,,,,
982,16.36666667,3.919082403,,,,,,
983,16.38333333,3.917168856,,,,,,
984,16.4,3.915287256,,,,,,
985,16.41666667,3.912219524,,,,,,
986,16.43333333,3.911840677,,,,,,
987,16.45,3.912888765,,,,,,
988,16.46666667,3.912051916,,,,,,
989,16.48333333,3.907662869,,,,,,
990,16.5,3.90822649,,,,,,
991,16.51666667,3.903802872,,,,,,
992,16.53333333,3.902952194,,,,,,
993,16.55,3.898999453,,,,,,
994,16.56666667,3.898393631,,,,,,
995,16.58333333,3.895810843,,,,,,
996,16.6,3.893324852,,,,,,
997,16.61666667,3.891649485,,,,,,
998,16.63333333,3.893615961,,,,,,
999,16.65,3.889287472,,,,,,
1000,16.66666667,3.885899782,,,,,,
1001,16.68333333,3.881453514,,,,,,
1002,16.7,3.880856991,,,,,,
1003,16.71666667,3.883109808,,,,,,
1004,16.73333333,3.882397175,,,,,,
1005,16.75,3.880006552,,,,,,
1006,16.76666667,3.878999472,,,,,,
1007,16.78333333,3.877315283,,,,,,
1008,16.8,3.87736702,,,,,,
1009,16.81666667,3.874232769,,,,,,
1010,16.83333333,3.873649597,,,,,,
1011,16.85,3.871429682,,,,,,
1012,16.86666667,3.868956804,,,,,,
1013,16.88333333,3.870531321,,,,,,
1014,16.9,3.864962578,,,,,,
1015,16.91666667,3.862714052,,,,,,
1016,16.93333333,3.863808394,,,,,,
1017,16.95,3.864094496,,,,,,
1018,16.96666667,3.858348608,,,,,,
1019,16.98333333,3.856796742,,,,,,
1020,17,3.855477095,,,,,,
1021,17.01666667,3.853635073,,,,,,
1022,17.03333333,3.852757454,,,,,,
1023,17.05,3.846829653,,,,,,
1024,17.06666667,3.850399971,,,,,,
1025,17.08333333,3.847668409,,,,,,
1026,17.1,3.84709096,,,,,,
1027,17.11666667,3.846719265,,,,,,
1028,17.13333333,3.843047857,,,,,,
1029,17.15,3.850436211,,,,,,
1030,17.16666667,3.837819576,,,,,,
1031,17.18333333,3.838613749,,,,,,
1032,17.2,3.83398056,,,,,,
1033,17.21666667,3.834248543,,,,,,
1034,17.23333333,3.832647562,,,,,,
1035,17.25,3.828300715,,,,,,
1036,17.26666667,3.829306841,,,,,,
1037,17.28333333,3.8260355,,,,,,
1038,17.3,3.825275421,,,,,,
1039,17.31666667,3.822455883,,,,,,
1040,17.33333333,3.820713759,,,,,,
1041,17.35,3.820077419,,,,,,
1042,17.36666667,3.816803455,,,,,,
1043,17.38333333,3.815184116,,,,,,
1044,17.4,3.814347744,,,,,,
1045,17.41666667,3.812855721,,,,,,
1046,17.43333333,3.812974215,,,,,,
1047,17.45,3.80962491,,,,,,
1048,17.46666667,3.810576677,,,,,,
1049,17.48333333,3.808805704,,,,,,
1050,17.5,3.807538748,,,,,,
1051,17.51666667,3.806971312,,,,,,
1052,17.53333333,3.803805828,,,,,,
1053,17.55,3.799909353,,,,,,
1054,17.56666667,3.797792196,,,,,,
1055,17.58333333,3.796908855,,,,,,
1056,17.6,3.793931961,,,,,,
1057,17.61666667,3.79062891,,,,,,
1058,17.63333333,3.79221344,,,,,,
1059,17.65,3.792322874,,,,,,
1060,17.66666667,3.790054321,,,,,,
1061,17.68333333,3.785809755,,,,,,
1062,17.7,3.786776543,,,,,,
1063,17.71666667,3.782938004,,,,,,
1064,17.73333333,3.787113905,,,,,,
1065,17.75,3.781142473,,,,,,
1066,17.76666667,3.778830528,,,,,,
1067,17.78333333,3.777294397,,,,,,
1068,17.8,3.777117729,,,,,,
1069,17.81666667,3.777593613,,,,,,
1070,17.83333333,3.774221182,,,,,,
1071,17.85,3.772791147,,,,,,
1072,17.86666667,3.772840738,,,,,,
1073,17.88333333,3.775233746,,,,,,
1074,17.9,3.77310586,,,,,,
1075,17.91666667,3.768300533,,,,,,
1076,17.93333333,3.768321753,,,,,,
1077,17.95,3.765416622,,,,,,
1078,17.96666667,3.763951302,,,,,,
1079,17.98333333,3.768446446,,,,,,
1080,18,3.765962839,,,,,,
1081,18.01666667,3.759698629,,,,,,
1082,18.03333333,3.761316061,,,,,,
1083,18.05,3.759939432,,,,,,
1084,18.06666667,3.754346609,,,,,,
1085,18.08333333,3.752954006,,,,,,
1086,18.1,3.752494335,,,,,,
1087,18.11666667,3.747923851,,,,,,
1088,18.13333333,3.745838165,,,,,,
1089,18.15,3.74630928,,,,,,
1090,18.16666667,3.746319056,,,,,,
1091,18.18333333,3.745887756,,,,,,
1092,18.2,3.743713856,,,,,,
1093,18.21666667,3.745632172,,,,,,
1094,18.23333333,3.741080999,,,,,,
1095,18.25,3.739820242,,,,,,
1096,18.26666667,3.738900662,,,,,,
1097,18.28333333,3.739123344,,,,,,
1098,18.3,3.736303091,,,,,,
1099,18.31666667,3.735213041,,,,,,
1100,18.33333333,3.733763218,,,,,,
1101,18.35,3.732546568,,,,,,
1102,18.36666667,3.733455896,,,,,,
1103,18.38333333,3.730200529,,,,,,
1104,18.4,3.729724407,,,,,,
1105,18.41666667,3.726714373,,,,,,
1106,18.43333333,3.726169109,,,,,,
1107,18.45,3.724841595,,,,,,
1108,18.46666667,3.724632263,,,,,,
1109,18.48333333,3.72168541,,,,,,
1110,18.5,3.718733072,,,,,,
1111,18.51666667,3.715143681,,,,,,
1112,18.53333333,3.713653088,,,,,,
1113,18.55,3.712767601,,,,,,
1114,18.56666667,3.711714983,,,,,,
1115,18.58333333,3.713657141,,,,,,
1116,18.6,3.710199595,,,,,,
1117,18.61666667,3.710463524,,,,,,
1118,18.63333333,3.712035418,,,,,,
1119,18.65,3.708110333,,,,,,
1120,18.66666667,3.708355904,,,,,,
1121,18.68333333,3.706232548,,,,,,
1122,18.7,3.702716827,,,,,,
1123,18.71666667,3.700953722,,,,,,
1124,18.73333333,3.699724197,,,,,,
1125,18.75,3.69982028,,,,,,
1126,18.76666667,3.69882822,,,,,,
1127,18.78333333,3.696476936,,,,,,
1128,18.8,3.697313547,,,,,,
1129,18.81666667,3.696672201,,,,,,
1130,18.83333333,3.69478178,,,,,,
1131,18.85,3.694924355,,,,,,
1132,18.86666667,3.69326973,,,,,,
1133,18.88333333,3.691671848,,,,,,
1134,18.9,3.692938805,,,,,,
1135,18.91666667,3.693908691,,,,,,
1136,18.93333333,3.690010548,,,,,,
1137,18.95,3.690285921,,,,,,
1138,18.96666667,3.68823123,,,,,,
1139,18.98333333,3.688281298,,,,,,
1140,19,3.686301708,,,,,,
1141,19.01666667,3.687170267,,,,,,
1142,19.03333333,3.687344313,,,,,,
1143,19.05,3.683576345,,,,,,
1144,19.06666667,3.682686091,,,,,,
1145,19.08333333,3.680511236,,,,,,
1146,19.1,3.67976737,,,,,,
1147,19.11666667,3.680396557,,,,,,
1148,19.13333333,3.678345442,,,,,,
1149,19.15,3.679335833,,,,,,
1150,19.16666667,3.678238392,,,,,,
1151,19.18333333,3.676867247,,,,,,
1152,19.2,3.67312026,,,,,,
1153,19.21666667,3.670841217,,,,,,
1154,19.23333333,3.670282841,,,,,,
1155,19.25,3.669013262,,,,,,
1156,19.26666667,3.667738676,,,,,,
1157,19.28333333,3.665866375,,,,,,
1158,19.3,3.663553953,,,,,,
1159,19.31666667,3.665957689,,,,,,
1160,19.33333333,3.663646221,,,,,,
1161,19.35,3.658903599,,,,,,
1162,19.36666667,3.659124851,,,,,,
1163,19.38333333,3.66065073,,,,,,
1164,19.4,3.657905102,,,,,,
1165,19.41666667,3.65568018,,,,,,
1166,19.43333333,3.654004812,,,,,,
1167,19.45,3.655356407,,,,,,
1168,19.46666667,3.653857946,,,,,,
1169,19.48333333,3.655285597,,,,,,
1170,19.5,3.651670933,,,,,,
1171,19.51666667,3.649832964,,,,,,
1172,19.53333333,3.651283026,,,,,,
1173,19.55,3.651807785,,,,,,
1174,19.56666667,3.650654793,,,,,,
1175,19.58333333,3.650500298,,,,,,
1176,19.6,3.646839619,,,,,,
1177,19.61666667,3.645722389,,,,,,
1178,19.63333333,3.642670155,,,,,,
1179,19.65,3.642563105,,,,,,
1180,19.66666667,3.64206028,,,,,,
1181,19.68333333,3.652023077,,,,,,
1182,19.7,3.650327206,,,,,,
1183,19.71666667,3.676887989,,,,,,
1184,19.73333333,3.641554356,,,,,,
1185,19.75,3.638374806,,,,,,
1186,19.76666667,3.637427092,,,,,,
1187,19.78333333,3.638786554,,,,,,
1188,19.8,3.636386395,,,,,,
1189,19.81666667,3.636181593,,,,,,
1190,19.83333333,3.64296937,,,,,,
1191,19.85,3.644863844,,,,,,
1192,19.86666667,3.637331009,,,,,,
1193,19.88333333,3.626292944,,,,,,
1194,19.9,3.630696297,,,,,,
1195,19.91666667,3.629310846,,,,,,
1196,19.93333333,3.633993149,,,,,,
1197,19.95,3.631035566,,,,,,
1198,19.96666667,3.638288498,,,,,,
1199,19.98333333,3.642583847,,,,,,
1200,20,3.649247408,,,,,,
1201,20.01666667,3.645233631,,,,,,
1202,20.03333333,3.6623559,,,,,,
1203,20.05,3.640634537,,,,,,
1204,20.06666667,3.650724411,,,,,,
1205,20.08333333,3.646945715,,,,,,
1206,20.1,3.642558336,,,,,,
1207,20.11666667,3.663981199,,,,,,
1208,20.13333333,3.634075642,,,,,,
1209,20.15,3.650249243,,,,,,
1210,20.16666667,3.639658928,,,,,,
1211,20.18333333,3.652905226,,,,,,
1212,20.2,3.654266119,,,,,,
1213,20.21666667,3.659542322,,,,,,
1214,20.23333333,3.637300968,,,,,,
1215,20.25,3.641566515,,,,,,
1216,20.26666667,3.628418684,,,,,,
1217,20.28333333,3.632394314,,,,,,
1218,20.3,3.62731123,,,,,,
1219,20.31666667,3.616879702,,,,,,
1220,20.33333333,3.622440815,,,,,,
1221,20.35,3.615117073,,,,,,
1222,20.36666667,3.612603426,,,,,,
1223,20.38333333,3.604592562,,,,,,
1224,20.4,3.602621794,,,,,,
1225,20.41666667,3.604219198,,,,,,
1226,20.43333333,3.59800458,,,,,,
1227,20.45,3.600220442,,,,,,
1228,20.46666667,3.609837532,,,,,,
1229,20.48333333,3.597778082,,,,,,
1230,20.5,3.59719491,,,,,,
1231,20.51666667,3.598504782,,,,,,
1232,20.53333333,3.595403671,,,,,,
1233,20.55,3.59303093,,,,,,
1234,20.56666667,3.596228838,,,,,,
1235,20.58333333,3.58995533,,,,,,
1236,20.6,3.587128401,,,,,,
1237,20.61666667,3.587198257,,,,,,
1238,20.63333333,3.585758925,,,,,,
1239,20.65,3.587281466,,,,,,
1240,20.66666667,3.586423636,,,,,,
1241,20.68333333,3.586704969,,,,,,
1242,20.7,3.586988926,,,,,,
1243,20.71666667,3.586661816,,,,,,
1244,20.73333333,3.586243153,,,,,,
1245,20.75,3.586334229,,,,,,
1246,20.76666667,3.586782455,,,,,,
1247,20.78333333,3.586568594,,,,,,
1248,20.8,3.586989164,,,,,,
1249,20.81666667,3.587936878,,,,,,
1250,20.83333333,3.588194847,,,,,,
1251,20.85,3.58798933,,,,,,
1252,20.86666667,3.588982105,,,,,,
1253,20.88333333,3.592270374,,,,,,
1254,20.9,3.587853909,,,,,,
1255,20.91666667,3.588356495,,,,,,
1256,20.93333333,3.588063479,,,,,,
1257,20.95,3.584283352,,,,,,
1258,20.96666667,3.592541933,,,,,,
1259,20.98333333,3.593041658,,,,,,
1260,21,3.722207308,,,,,,
1261,21.01666667,3.642059565,,,,,,
1262,21.03333333,3.629330397,,,,,,
1263,21.05,3.622837544,,,,,,
1264,21.06666667,3.617336512,,,,,,
1265,21.08333333,3.614646912,,,,,,
1266,21.1,3.608526945,,,,,,
1267,21.11666667,3.607924223,,,,,,
1268,21.13333333,3.607419968,,,,,,
1269,21.15,3.602355242,,,,,,
1270,21.16666667,3.60244751,,,,,,
1271,21.18333333,3.599090576,,,,,,
1272,21.2,3.596233368,,,,,,
1273,21.21666667,3.599390507,,,,,,
1274,21.23333333,3.594435692,,,,,,
1275,21.25,3.593294621,,,,,,
1276,21.26666667,3.589474678,,,,,,
1277,21.28333333,3.5892241,,,,,,
