0.597849727,1,0.016666667,8.014939308
0.5978613,2,0.033333333,7.965567589
0.597872873,3,0.05,7.934055805
0.597884468,4,0.066666667,8.191363335
0.597896024,5,0.083333333,7.991603375
0.597907595,6,0.1,7.938469887
0.597919177,7,0.116666667,7.911371231
0.597930765,8,0.133333333,7.998231411
0.597942336,9,0.15,7.988656521
0.597953907,10,0.166666667,7.991516113
0.597965473,11,0.183333333,8.335229874
0.59797705,12,0.2,8.172587395
0.597988616,13,0.216666667,8.050575256
0.598000199,14,0.233333333,8.002064705
,15,0.25,
0.59801178,16,0.266666667,7.954677582
0.598023338,17,0.283333333,7.926200867
0.59803493,18,0.3,7.882060528
0.598046497,19,0.316666667,7.864088535
0.598058081,20,0.333333333,7.830644608
0.598069652,21,0.35,7.822443485
0.598081221,22,0.366666667,7.791092396
0.598092788,23,0.383333333,7.782093525
0.598104376,24,0.4,7.75222826
0.598115945,25,0.416666667,7.808627605
0.598127513,26,0.433333333,7.760891438
0.598139099,27,0.45,7.735491753
0.598150663,28,0.466666667,7.71966362
0.598162228,29,0.483333333,7.708908081
0.598173815,30,0.5,7.696686745
0.598185383,31,0.516666667,7.685639381
0.598196967,32,0.533333333,7.850100994
0.598208526,33,0.55,7.888646603
0.598220116,34,0.566666667,7.890124321
0.598231674,35,0.583333333,7.859715939
0.598243256,36,0.6,7.948048592
0.598254838,37,0.616666667,7.884616852
0.598266401,38,0.633333333,7.832811832
0.598277984,39,0.65,7.851957321
0.598289557,40,0.666666667,7.787586212
0.598301141,41,0.683333333,7.776384831
0.598312712,42,0.7,7.755830765
0.598324283,43,0.716666667,7.729858398
0.598335846,44,0.733333333,7.706905365
0.598347431,45,0.75,7.731744766
0.598358996,46,0.766666667,7.748082161
0.598370576,47,0.783333333,7.738908291
0.598382139,48,0.8,7.689990997
0.59839373,49,0.816666667,7.66794014
0.598405298,50,0.833333333,7.782525063
0.598416879,51,0.85,7.828314781
0.598428441,52,0.866666667,7.776220322
0.598440012,53,0.883333333,7.728601456
0.598451594,54,0.9,7.69003439
0.598463174,55,0.916666667,7.676797867
0.598474736,56,0.933333333,7.652322292
0.598486318,57,0.95,7.645936012
0.598497895,58,0.966666667,7.669992447
0.598509459,59,0.983333333,7.618172169
0.598521044,60,1,7.607329369
0.598532625,61,1.016666667,7.619923115
0.598544177,62,1.033333333,7.641198635
0.598555751,63,1.05,7.589019299
0.598567336,64,1.066666667,7.642086506
0.598578921,65,1.083333333,7.602524281
0.59859049,66,1.1,7.592362881
0.59860206,67,1.116666667,7.780045986
0.598613628,68,1.133333333,7.635614872
0.598625205,69,1.15,7.617831707
0.598636778,70,1.166666667,7.632204533
0.598648349,71,1.183333333,7.645009995
0.598659921,72,1.2,7.601816177
0.598671503,73,1.216666667,7.746610642
0.598683071,74,1.233333333,7.718796253
0.598694656,75,1.25,7.650024414
0.598706223,76,1.266666667,7.624220848
0.598717808,77,1.283333333,7.761435986
0.598729369,78,1.3,7.693262577
0.598740949,79,1.316666667,7.657188416
0.598752521,80,1.333333333,7.692333698
0.598764092,81,1.35,7.694443226
0.598775676,82,1.366666667,7.659989834
0.598787257,83,1.383333333,7.61826849
0.59879882,84,1.4,7.720497131
0.598810403,85,1.416666667,7.776140213
0.598821967,86,1.433333333,7.684325218
0.59883354,87,1.45,7.644168377
0.598845128,88,1.466666667,7.618534565
0.598856693,89,1.483333333,7.579435349
0.598868262,90,1.5,7.55775404
0.598879832,91,1.516666667,7.563005924
0.598891418,92,1.533333333,7.554205418
0.598903,93,1.55,7.514354706
0.598914567,94,1.566666667,7.601435185
0.598926143,95,1.583333333,7.557837486
0.59893772,96,1.6,7.732217789
0.598949291,97,1.616666667,7.633792877
0.59896085,98,1.633333333,7.618386746
0.598972428,99,1.65,7.667080879
0.598984016,100,1.666666667,7.606927395
0.598995585,101,1.683333333,7.704154968
0.599007158,102,1.7,7.772939682
0.599018738,103,1.716666667,7.641383648
0.599030297,104,1.733333333,7.613382816
0.59904188,105,1.75,7.767904282
0.599053448,106,1.766666667,7.62898922
0.599065028,107,1.783333333,7.580933571
0.599076601,108,1.8,7.590986252
0.599088167,109,1.816666667,7.670552254
0.599099755,110,1.833333333,7.679950714
0.599111323,111,1.85,7.595887661
0.599122891,112,1.866666667,7.60653162
0.599134482,113,1.883333333,7.57191515
0.599146052,114,1.9,7.552752018
0.599157613,115,1.916666667,7.521915436
0.599169201,116,1.933333333,7.518693447
0.599180769,117,1.95,7.496851444
0.599192333,118,1.966666667,7.486513138
0.599203911,119,1.983333333,7.63000679
0.599215497,120,2,7.498858452
0.599227064,121,2.016666667,7.500108242
0.599238631,122,2.033333333,7.467047691
0.59925022,123,2.05,7.649591923
0.599261785,124,2.066666667,7.533498287
0.599273375,125,2.083333333,7.567450523
0.599284945,126,2.1,7.605737209
0.599296517,127,2.116666667,7.774082661
0.59930809,128,2.133333333,7.785703182
0.599319653,129,2.15,7.726807594
0.599331243,130,2.166666667,7.678070545
0.5993428,131,2.183333333,7.873668194
0.599354375,132,2.2,7.700214863
0.599365949,133,2.216666667,7.629571915
0.599377536,134,2.233333333,7.620127678
0.599389114,135,2.25,7.616508007
0.599400677,136,2.266666667,7.592658997
0.599412247,137,2.283333333,7.576152802
0.59942383,138,2.3,7.641591549
0.599435399,139,2.316666667,7.581152439
0.599446986,140,2.333333333,7.602262497
0.599458548,141,2.35,7.648910046
0.599470138,142,2.366666667,7.580449104
0.59948171,143,2.383333333,7.544052124
0.599493268,144,2.4,7.513578892
0.59950484,145,2.416666667,7.496315956
0.599516428,146,2.433333333,7.466075897
0.599527993,147,2.45,7.594985485
0.599539578,148,2.466666667,7.522425652
0.599551154,149,2.483333333,7.505428791
0.599562729,150,2.5,7.636525631
0.599574297,151,2.516666667,7.594544888
0.599585871,152,2.533333333,7.558900356
0.599597437,153,2.55,7.504299641
0.599609026,154,2.566666667,7.486511231
0.599620589,155,2.583333333,7.614109993
0.599632164,156,2.6,7.52682209
0.599643732,157,2.616666667,7.514463425
0.599655319,158,2.633333333,7.459621429
0.599666883,159,2.65,7.454140186
0.599678466,160,2.666666667,7.446135044
0.59969003,161,2.683333333,7.587010384
0.59970162,162,2.7,7.457337856
0.599713181,163,2.716666667,7.427507877
0.599724765,164,2.733333333,7.409544945
0.599736326,165,2.75,7.383947849
0.599747918,166,2.766666667,7.392296791
0.599759487,167,2.783333333,7.411122799
0.599771045,168,2.8,7.538752556
0.59978264,169,2.816666667,7.411691189
0.599794213,170,2.833333333,7.398513317
0.599805777,171,2.85,7.670711041
0.599817349,172,2.866666667,7.614934444
0.59982892,173,2.883333333,7.541487217
0.599840491,174,2.9,7.677895069
0.599852086,175,2.916666667,7.539857388
0.59986366,176,2.933333333,7.485625744
0.599875226,177,2.95,7.457509041
0.59988679,178,2.966666667,7.699531555
0.59989837,179,2.983333333,7.559148789
0.599909936,180,3,7.630700588
0.599921527,181,3.016666667,7.587421417
0.599933102,182,3.033333333,7.555582047
0.599944663,183,3.05,7.528459549
0.599956248,184,3.066666667,7.478281021
0.599967812,185,3.083333333,7.438127518
0.599979381,186,3.1,7.421365261
0.599990975,187,3.116666667,7.456595898
0.600002537,188,3.133333333,7.441009045
0.600014109,189,3.15,7.392796993
0.600025678,190,3.166666667,7.380773068
0.600037266,191,3.183333333,7.392327309
0.600048835,192,3.2,7.363363743
0.60006041,193,3.216666667,7.48238802
0.600071987,194,3.233333333,7.39151144
0.60008357,195,3.25,7.370851517
0.600095136,196,3.266666667,7.460024834
0.600106709,197,3.283333333,7.403612614
0.600118282,198,3.3,7.369483948
0.60012985,199,3.316666667,7.414176941
0.600141435,200,3.333333333,7.546159267
0.600152997,201,3.35,7.431428909
0.60016457,202,3.366666667,7.351691723
0.600176157,203,3.383333333,7.349205971
0.600187723,204,3.4,7.350654125
0.600199313,205,3.416666667,7.52436924
0.600210881,206,3.433333333,7.420871258
0.600222445,207,3.45,7.365896225
0.600234031,208,3.466666667,7.341881275
0.600245607,209,3.483333333,7.333584309
0.600257166,210,3.5,7.305646896
0.600268737,211,3.516666667,7.324700832
0.600280327,212,3.533333333,7.38043642
0.600291902,213,3.55,7.429325581
0.600303473,214,3.566666667,7.532452583
0.600315043,215,3.583333333,7.560632706
0.600326612,216,3.6,7.707558155
0.600338197,217,3.616666667,7.549407482
0.600349769,218,3.633333333,7.475118637
0.600361333,219,3.65,7.436954022
0.600372916,220,3.666666667,7.477956772
0.600384498,221,3.683333333,7.448739052
0.600396071,222,3.7,7.396748066
0.600407647,223,3.716666667,7.366325378
0.600419224,224,3.733333333,7.497110844
0.600430778,225,3.75,7.413081169
0.600442363,226,3.766666667,7.448979855
0.60045393,227,3.783333333,7.410927773
0.600465503,228,3.8,7.470605373
0.600477085,229,3.816666667,7.383003235
0.600488669,230,3.833333333,7.358606815
0.600500234,231,3.85,7.401722431
Pump for 6 and half minutes,232,3.866666667,
0.600511799,233,3.883333333,7.341048241
0.600523382,234,3.9,7.533397675
0.600534947,235,3.916666667,7.703146458
0.600546528,236,3.933333333,7.513410568
0.600558098,237,3.95,7.493545532
0.600569671,238,3.966666667,7.496878147
0.600581253,239,3.983333333,7.711036205
0.600592824,240,4,7.613901138
0.60060439,241,4.016666667,7.486295223
0.600615979,242,4.033333333,7.422404289
0.60062755,243,4.05,7.384418011
0.600639132,244,4.066666667,7.617023468
0.600650699,245,4.083333333,7.516589165
0.600662269,246,4.1,7.614430428
0.600673855,247,4.116666667,7.682083607
0.600685424,248,4.133333333,7.59592247
0.600696987,249,4.15,7.52981472
0.600708573,250,4.166666667,7.513106823
0.600720148,251,4.183333333,7.477777481
0.600731715,252,4.2,7.427169323
0.600743297,253,4.216666667,7.494471073
0.600754865,254,4.233333333,7.427859306
0.600766442,255,4.25,7.400291443
0.600778018,256,4.266666667,7.386241913
0.600789586,257,4.283333333,7.381623745
0.600801168,258,4.3,7.353242397
0.600812733,259,4.316666667,7.312536717
0.600824307,260,4.333333333,7.310688973
0.600835883,261,4.35,7.313232422
0.600847455,262,4.366666667,7.279438496
0.600859025,263,4.383333333,7.262914181
0.600870596,264,4.4,7.214052677
0.600882183,265,4.416666667,7.219211102
0.600893747,266,4.433333333,7.242856026
0.600905335,267,4.45,7.260592938
0.600916898,268,4.466666667,7.377874374
0.600928481,269,4.483333333,7.345182896
0.600940052,270,4.5,7.329163551
0.600951621,271,4.516666667,7.282564163
0.600963199,272,4.533333333,7.247349262
0.600974764,273,4.55,7.207050324
0.600986355,274,4.566666667,7.202148914
0.600997918,275,4.583333333,7.19916296
0.601009506,276,4.6,7.17343092
0.601021082,277,4.616666667,7.44454813
0.601032646,278,4.633333333,7.336747646
0.601044211,279,4.65,7.367143631
0.601055796,280,4.666666667,7.271548748
0.601067374,281,4.683333333,7.345265389
0.601078946,282,4.7,7.403971195
0.601090513,283,4.716666667,7.615181923
0.601102082,284,4.733333333,7.385719776
0.601113668,285,4.75,7.341326237
0.601125238,286,4.766666667,7.347395897
0.601136813,287,4.783333333,7.597099304
0.601148384,288,4.8,7.416025639
0.601159973,289,4.816666667,7.376290798
0.601171534,290,4.833333333,7.421883583
0.601183116,291,4.85,7.395699978
0.601194691,292,4.866666667,7.368653297
0.601206269,293,4.883333333,7.336472511
0.601217841,294,4.9,7.369384766
0.601229419,295,4.916666667,7.460068226
0.601240984,296,4.933333333,7.479564667
0.601252546,297,4.95,7.371657372
0.601264135,298,4.966666667,7.4969244
0.601275714,299,4.983333333,7.483252525
0.601287281,300,5,7.55087328
0.60129886,301,5.016666667,7.480141163
0.601310427,302,5.033333333,7.391634464
0.601322011,303,5.05,7.369251728
0.601333572,304,5.066666667,7.691854954
0.601345143,305,5.083333333,7.626195431
0.601356729,306,5.1,7.511851788
0.6013683,307,5.116666667,7.557044506
0.601379879,308,5.133333333,7.441895008
0.601391453,309,5.15,7.473653317
0.601403026,310,5.166666667,7.417328358
0.601414584,311,5.183333333,7.553528309
0.601426161,312,5.2,7.563199997
0.601437754,313,5.216666667,7.806786537
0.601449324,314,5.233333333,7.617179871
0.601460886,315,5.25,7.534032822
0.601472463,316,5.266666667,7.478710651
0.601484033,317,5.283333333,7.410077095
0.601495621,318,5.3,7.411984921
0.601507191,319,5.316666667,7.376993656
0.601518762,320,5.333333333,7.372963905
0.601530349,321,5.35,7.475053787
0.601541917,322,5.366666667,7.421757221
0.601553484,323,5.383333333,7.36261034
0.601565056,324,5.4,7.345014095
0.601576636,325,5.416666667,7.397803783
0.601588211,326,5.433333333,7.308855534
0.601599779,327,5.45,7.356055737
0.601611364,328,5.466666667,7.37028265
0.60162294,329,5.483333333,7.297386646
0.601634499,330,5.5,7.359686375
0.601646071,331,5.516666667,7.376727581
0.601657656,332,5.533333333,7.429916859
0.601669223,333,5.55,7.312884808
0.601680795,334,5.566666667,7.392617226
0.601692379,335,5.583333333,7.373363972
0.601703944,336,5.6,7.458306313
0.601715536,337,5.616666667,7.353888512
0.60172709,338,5.633333333,7.280668736
0.601738665,339,5.65,7.275985241
0.601750256,340,5.666666667,7.233725071
0.601761815,341,5.683333333,7.294122219
0.601773386,342,5.7,7.252410889
0.601784976,343,5.716666667,7.260887146
0.601796535,344,5.733333333,7.276186943
0.601808122,345,5.75,7.228096008
0.60181969,346,5.766666667,7.340755463
0.601831261,347,5.783333333,7.282992363
0.601842849,348,5.8,7.243793011
0.601854407,349,5.816666667,7.181192398
0.601865996,350,5.833333333,7.150791645
0.601877557,351,5.85,7.165991306
0.601889143,352,5.866666667,7.122921467
0.60190071,353,5.883333333,7.395343304
0.601912281,354,5.9,7.214609146
0.601923868,355,5.916666667,7.172346115
0.601935443,356,5.933333333,7.109499931
0.601947009,357,5.95,7.322771549
0.601958595,358,5.966666667,7.277095795
0.601970164,359,5.983333333,7.191478729
0.601981738,360,6,7.238726139
0.601993299,361,6.016666667,7.234969616
0.602004887,362,6.033333333,7.364212513
0.602016462,363,6.05,7.456029415
0.602028025,364,6.066666667,7.318995953
0.602039613,365,6.083333333,7.262583256
0.60205118,366,6.1,7.224496365
0.602062745,367,6.116666667,7.201767921
0.602074316,368,6.133333333,7.148531437
0.602085902,369,6.15,7.274814606
0.602097466,370,6.166666667,7.28937912
0.602109056,371,6.183333333,7.308601379
0.602120614,372,6.2,7.28491497
0.602132194,373,6.216666667,7.328178883
0.602143776,374,6.233333333,7.226562023
0.602155358,375,6.25,7.32197237
0.60216691,376,6.266666667,7.435638428
0.602178499,377,6.283333333,7.377169609
0.60219007,378,6.3,7.410808563
0.602201642,379,6.316666667,7.342486382
0.602213207,380,6.333333333,7.32299614
0.602224781,381,6.35,7.365611553
0.60223637,382,6.366666667,7.391436577
0.602247931,383,6.383333333,7.319509983
0.602259514,384,6.4,7.247723579
0.60227109,385,6.416666667,7.204981804
0.602282672,386,6.433333333,7.20114851
0.602294232,387,6.45,7.268207073
0.60230581,388,6.466666667,7.207855225
0.602317379,389,6.483333333,7.162979603
0.602328969,390,6.5,7.23154068
0.602340541,391,6.516666667,7.180739403
0.602352118,392,6.533333333,7.286457062
0.602363688,393,6.55,7.367441654
0.602375252,394,6.566666667,7.260454655
0.602386826,395,6.583333333,7.189077377
0.602398411,396,6.6,7.157225609
0.602409985,397,6.616666667,7.334486961
0.602421556,398,6.633333333,7.202770233
0.602433118,399,6.65,7.165460587
0.60244469,400,6.666666667,7.242083073
0.602456281,401,6.683333333,7.12588501
0.602467852,402,6.7,7.11260891
0.602479424,403,6.716666667,7.16942215
0.602491001,404,6.733333333,7.184143066
0.602502583,405,6.75,7.077479839
0.602514142,406,6.766666667,7.124931335
0.602525731,407,6.783333333,7.101172447
0.602537293,408,6.8,7.053436756
0.602548868,409,6.816666667,7.070272923
0.602560455,410,6.833333333,7.058671951
0.60257202,411,6.85,7.082944393
0.602583599,412,6.866666667,7.079129696
0.602595158,413,6.883333333,7.096140862
0.602606749,414,6.9,7.050480366
0.602618319,415,6.916666667,7.001436234
0.602629892,416,6.933333333,7.076912403
0.602641458,417,6.95,7.060981751
0.602653041,418,6.966666667,7.011543751
0.602664605,419,6.983333333,6.977981091
0.602676182,420,7,6.96432972
0.602687752,421,7.016666667,6.910583973
0.602699344,422,7.033333333,6.948284149
0.602710899,423,7.05,7.062340736
0.602722492,424,7.066666667,7.05798626
0.602734058,425,7.083333333,7.164005756
0.60274563,426,7.1,7.015842438
0.602757197,427,7.116666667,7.000674248
0.602768772,428,7.133333333,6.977929592
0.602780349,429,7.15,7.076974869
0.602791934,430,7.166666667,7.010279179
0.602803507,431,7.183333333,7.052210808
0.602815066,432,7.2,7.010210991
0.60282666,433,7.216666667,7.005771637
0.60283823,434,7.233333333,6.92132616
0.602849789,435,7.25,6.894781113
0.602861367,436,7.266666667,7.082095146
0.602872955,437,7.283333333,7.078113556
0.602884515,438,7.3,7.118713379
0.602896097,439,7.316666667,7.15993309
0.602907668,440,7.333333333,7.273478985
0.602919236,441,7.35,7.067681313
0.602930818,442,7.366666667,6.958101749
0.602942403,443,7.383333333,6.932045937
0.60295397,444,7.4,6.93095398
0.602965544,445,7.416666667,7.012911797
0.602977105,446,7.433333333,7.003318787
0.602988685,447,7.45,6.97740221
0.603000267,448,7.466666667,7.095630169
0.603011832,449,7.483333333,7.056674004
0.603023406,450,7.5,7.135320187
0.603034993,451,7.516666667,7.165480614
0.603046552,452,7.533333333,7.195158005
0.603058143,453,7.55,7.186161518
0.603069708,454,7.566666667,7.284064293
0.603081274,455,7.583333333,7.138848782
0.603092859,456,7.6,7.223455429
0.603104426,457,7.616666667,7.057597637
0.603116015,458,7.633333333,7.078952789
0.603127591,459,7.65,7.112983227
0.603139159,460,7.666666667,7.039568424
0.603150724,461,7.683333333,7.099348068
0.603162311,462,7.7,7.178711891
0.603173875,463,7.716666667,7.275923252
0.603185457,464,7.733333333,7.099606037
0.603197027,465,7.75,7.045136452
0.603208599,466,7.766666667,7.16501236
0.603220185,467,7.783333333,7.03110075
0.603231744,468,7.8,7.000572205
0.603243313,469,7.816666667,7.108315945
0.603254901,470,7.833333333,7.080565929
0.603266465,471,7.85,7.00356102
0.603278041,472,7.866666667,7.010096073
0.603289626,473,7.883333333,6.891974449
0.60330121,474,7.9,7.135859013
0.60331278,475,7.916666667,7.216887474
0.603324339,476,7.933333333,7.045686722
0.603335908,477,7.95,7.104876995
0.6033475,478,7.966666667,7.172208786
0.603359065,479,7.983333333,7.027981281
0.603370632,480,8,7.156870842
0.603382222,481,8.016666667,7.035716534
0.603393784,482,8.033333333,6.983644486
0.603405353,483,8.05,6.948469162
0.603416933,484,8.066666667,6.918107033
0.6034285,485,8.083333333,6.885158539
0.603440084,486,8.1,7.02815485
0.603451649,487,8.116666667,7.323198319
0.60346324,488,8.133333333,7.057817459
0.603474807,489,8.15,7.029877186
0.60348638,490,8.166666667,6.992547035
0.603497945,491,8.183333333,7.3555336
0.603509519,492,8.2,7.065237999
0.603521108,493,8.216666667,7.045842648
0.60353267,494,8.233333333,6.997207165
0.603544258,495,8.25,6.892298222
0.60355582,496,8.266666667,6.877673149
0.603567402,497,8.283333333,6.940775871
0.603578987,498,8.3,7.139858723
0.603590553,499,8.316666667,6.964696407
0.603602115,500,8.333333333,6.968424797
Pump for 11 min,501,8.35,
0.603613689,502,8.366666667,7.258673668
0.60362528,503,8.383333333,7.137765884
0.603636848,504,8.4,7.366030216
0.603648413,505,8.416666667,7.104866028
0.603659991,506,8.433333333,7.286791802
0.603671578,507,8.45,7.171538353
0.60368314,508,8.466666667,7.301319122
0.603694722,509,8.483333333,7.083366394
0.603706286,510,8.5,7.260128498
0.603717874,511,8.516666667,7.014634609
0.603729438,512,8.533333333,6.963498116
0.603741025,513,8.55,7.03443718
0.603752578,514,8.566666667,6.949368954
0.603764169,515,8.583333333,6.92584753
0.603775733,516,8.6,6.943686485
0.603787303,517,8.616666667,6.891461849
0.603798889,518,8.633333333,6.85859251
0.603810457,519,8.65,6.830796242
0.603822044,520,8.666666667,6.804258823
0.603833613,521,8.683333333,7.02658844
0.60384518,522,8.7,7.200200558
0.603856753,523,8.716666667,7.294050694
0.603868335,524,8.733333333,7.280380726
0.603879903,525,8.75,7.097985268
0.603891471,526,8.766666667,7.15181303
0.603903058,527,8.783333333,6.916730881
0.603914629,528,8.8,7.265635014
0.603926203,529,8.816666667,7.217298031
0.603937788,530,8.833333333,7.138600826
0.603949356,531,8.85,7.102381229
0.603960915,532,8.866666667,7.499568939
0.603972488,533,8.883333333,7.300352097
0.603984075,534,8.9,7.208297253
0.603995659,535,8.916666667,7.221092224
0.604007212,536,8.933333333,7.129719257
0.604018785,537,8.95,7.074830055
0.604030372,538,8.966666667,7.100879669
0.604041935,539,8.983333333,7.090613365
0.604053513,540,9,7.117537022
0.604065102,541,9.016666667,7.247826099
0.604076667,542,9.033333333,7.051010132
0.604088244,543,9.05,7.405108929
0.604099807,544,9.066666667,7.29293108
0.604111398,545,9.083333333,7.577485085
0.604122975,546,9.1,7.495221138
0.604134535,547,9.116666667,7.527247429
0.604146119,548,9.133333333,7.328382015
0.604157692,549,9.15,7.276785374
0.604169253,550,9.166666667,7.178239346
0.604180825,551,9.183333333,7.089506149
0.604192414,552,9.2,7.075771809
0.604203976,553,9.216666667,7.182081699
0.604215568,554,9.233333333,7.234471321
0.604227122,555,9.25,7.329573154
0.604238707,556,9.266666667,7.187570095
0.604250288,557,9.283333333,7.073369503
0.604261856,558,9.3,7.092879772
0.604273425,559,9.316666667,7.087197304
0.604285003,560,9.333333333,6.962166309
0.604296569,561,9.35,7.118219852
0.604308151,562,9.366666667,6.982441902
0.604319736,563,9.383333333,7.366205692
0.604331305,564,9.4,7.18747282
0.604342873,565,9.416666667,7.296806812
0.604354461,566,9.433333333,7.174597263
0.604366037,567,9.45,7.058347225
0.604377599,568,9.466666667,7.120628357
0.604389166,569,9.483333333,7.307972431
0.604400754,570,9.5,7.046852589
0.604412318,571,9.516666667,7.368134499
0.604423902,572,9.533333333,7.158813477
0.604435462,573,9.55,7.5688591
0.604447049,574,9.566666667,7.11678648
0.604458617,575,9.583333333,7.256989479
0.604470187,576,9.6,7.120739937
0.60448176,577,9.616666667,7.295310974
0.604493352,578,9.633333333,7.129826546
0.604504917,579,9.65,7.041127682
0.604516503,580,9.666666667,7.183228016
0.604528064,581,9.683333333,7.072713375
0.60453964,582,9.7,7.122727394
0.604551223,583,9.716666667,7.197718144
0.604562789,584,9.733333333,7.047244072
0.604574367,585,9.75,7.159256935
0.604585949,586,9.766666667,7.133641243
0.604597509,587,9.783333333,7.168367386
0.604609095,588,9.8,6.99936533
0.604620668,589,9.816666667,6.972988606
0.604632237,590,9.833333333,7.036660671
0.604643799,591,9.85,6.935572624
0.604655394,592,9.866666667,7.256542206
0.604666948,593,9.883333333,6.984898567
0.604678543,594,9.9,6.908382416
0.604690102,595,9.916666667,6.883228779
0.60470169,596,9.933333333,7.124548435
0.604713257,597,9.95,7.161417961
0.604724837,598,9.966666667,7.220463753
0.604736398,599,9.983333333,7.527208805
0.604747986,600,10,7.313011646
0.604759563,601,10.01666667,7.383700848
0.604771132,602,10.03333333,7.530520439
0.604782691,603,10.05,7.617136955
0.604794289,604,10.06666667,7.548697949
0.604805846,605,10.08333333,7.428700447
0.604817423,606,10.1,7.415925503
0.60482901,607,10.11666667,7.396094799
0.604840571,608,10.13333333,7.441288948
0.604852155,609,10.15,7.380915165
0.604863719,610,10.16666667,7.660237312
0.604875302,611,10.18333333,7.444277287
0.604886874,612,10.2,7.507909775
0.604898451,613,10.21666667,7.496605396
0.60491001,614,10.23333333,7.441510201
0.604921601,615,10.25,7.814217091
0.604933168,616,10.26666667,7.769164562
0.604944751,617,10.28333333,7.589314938
0.604956319,618,10.3,7.674242973
0.604967903,619,10.31666667,7.446779728
0.604979467,620,10.33333333,7.316826344
0.604991043,621,10.35,7.280460835
0.605002608,622,10.36666667,7.260486603
0.605014182,623,10.38333333,7.352653027
0.605025767,624,10.4,7.200726509
0.605037344,625,10.41666667,7.363245964
0.605048915,626,10.43333333,7.306093216
0.60506048,627,10.45,7.532115936
0.605072064,628,10.46666667,7.455524445
0.605083631,629,10.48333333,7.505059719
0.605095218,630,10.5,7.35844183
0.605106795,631,10.51666667,7.293516159
0.605118358,632,10.53333333,7.664077282
0.605129942,633,10.55,7.395313263
0.60514151,634,10.56666667,7.291764736
0.605153072,635,10.58333333,7.584952354
0.605164659,636,10.6,7.664535999
0.60517622,637,10.61666667,7.467926502
0.605187815,638,10.63333333,7.314139843
0.605199386,639,10.65,7.405538082
0.605210955,640,10.66666667,7.281335831
0.605222519,641,10.68333333,7.420494556
0.60523411,642,10.7,7.271376133
0.605245678,643,10.71666667,7.535973549
0.605257247,644,10.73333333,7.383743286
0.605268836,645,10.75,7.184396267
0.605280411,646,10.76666667,7.400295734
0.605291982,647,10.78333333,7.460433006
0.605303558,648,10.8,7.305411816
0.605315126,649,10.81666667,7.413480282
0.605326688,650,10.83333333,7.131569386
0.605338276,651,10.85,7.181687832
0.605349841,652,10.86666667,7.154753208
0.605361429,653,10.88333333,7.005928516
0.605372997,654,10.9,7.118047714
0.605384564,655,10.91666667,6.937790394
0.605396136,656,10.93333333,7.145288944
0.605407707,657,10.95,6.983337402
0.605419295,658,10.96666667,7.04595232
0.605430859,659,10.98333333,6.912959099
0.605442453,660,11,7.374531746
0.605454007,661,11.01666667,7.156397343
0.605465593,662,11.03333333,6.985762119
0.605477155,663,11.05,7.277681351
0.605488741,664,11.06666667,7.243853569
0.605500308,665,11.08333333,7.297612667
0.605511885,666,11.1,7.192789555
0.605523471,667,11.11666667,7.439096928
0.605535032,668,11.13333333,7.037756443
0.605546602,669,11.15,7.200910568
0.605558189,670,11.16666667,7.32396698
0.605569752,671,11.18333333,7.419921875
0.605581342,672,11.2,7.254187107
0.605592905,673,11.21666667,7.038882256
0.605604489,674,11.23333333,7.070105076
0.605616066,675,11.25,7.265124321
0.60562765,676,11.26666667,7.449903011
0.605639202,677,11.28333333,7.127053261
0.605650788,678,11.3,6.951199055
0.605662349,679,11.31666667,6.951416016
0.605673919,680,11.33333333,7.063606262
0.605685511,681,11.35,7.142978668
0.605697082,682,11.36666667,7.04076767
0.605708645,683,11.38333333,6.882489681
0.605720231,684,11.4,7.000180244
0.605731812,685,11.41666667,6.772535801
0.60574338,686,11.43333333,6.755180836
0.605754939,687,11.45,6.560499668
0.605766529,688,11.46666667,6.851068974
0.605778104,689,11.48333333,7.144341946
0.605789677,690,11.5,7.181138516
0.605801248,691,11.51666667,7.471151352
0.605812816,692,11.53333333,7.578877926
0.605824401,693,11.55,7.43713522
0.605835969,694,11.56666667,7.331791401
0.605847548,695,11.58333333,7.516411781
0.60585912,696,11.6,7.077804565
0.605870698,697,11.61666667,7.029278278
0.605882277,698,11.63333333,6.856607914
0.605893844,699,11.65,6.736167908
0.605905428,700,11.66666667,6.611777306
0.605916995,701,11.68333333,6.619179726
0.605928577,702,11.7,6.554516316
0.605940137,703,11.71666667,6.450376988
0.605951723,704,11.73333333,6.656687737
0.605963288,705,11.75,6.467847824
0.605974857,706,11.76666667,6.344982624
0.605986446,707,11.78333333,6.331470966
0.605998017,708,11.8,6.54298687
0.606009578,709,11.81666667,6.420809746
0.60602116,710,11.83333333,6.552050114
0.606032724,711,11.85,6.327157497
0.606044319,712,11.86666667,6.400627136
0.606055878,713,11.88333333,6.461712837
0.606067464,714,11.9,6.408549309
0.606079026,715,11.91666667,6.334762573
0.606090615,716,11.93333333,6.233947754
0.606102187,717,11.95,6.095110416
0.606113758,718,11.96666667,6.223389149
0.606125323,719,11.98333333,6.239069939
0.606136915,720,12,6.402774334
0.606148482,721,12.01666667,6.272988319
0.606160064,722,12.03333333,6.61874485
0.606171648,723,12.05,6.489161015
0.606183213,724,12.06666667,6.276427269
0.606194777,725,12.08333333,6.209342957
0.60620636,726,12.1,6.255729675
0.606217928,727,12.11666667,6.277120113
0.60622949,728,12.13333333,6.148116589
0.606241062,729,12.15,6.113385677
0.606252649,730,12.16666667,6.409459114
0.606264233,731,12.18333333,6.294326305
0.6062758,732,12.2,6.2438941
0.606287369,733,12.21666667,6.117934227
0.606298938,734,12.23333333,6.257419109
0.606310513,735,12.25,5.974182606
0.606322099,736,12.26666667,5.942269802
0.606333672,737,12.28333333,5.945943356
0.606345236,738,12.3,5.879648209
0.606356828,739,12.31666667,5.725008011
0.606368393,740,12.33333333,5.737961769
0.606379972,741,12.35,5.916436195
0.606391535,742,12.36666667,5.603731155
0.606403118,743,12.38333333,5.668314934
0.6064147,744,12.4,5.818805218
0.606426254,745,12.41666667,5.756640434
0.606437831,746,12.43333333,5.885176182
0.606449409,747,12.45,5.869701386
0.606460987,748,12.46666667,5.730298042
0.606472564,749,12.48333333,6.01236105
0.606484132,750,12.5,5.923802853
0.606495719,751,12.51666667,5.811256886
0.606507283,752,12.53333333,5.897424698
0.606518853,753,12.55,5.707235336
0.606530444,754,12.56666667,5.675721645
0.60654201,755,12.58333333,5.794323921
0.606553572,756,12.6,5.763154984
0.606565157,757,12.61666667,5.824073315
0.60657674,758,12.63333333,5.671515942
0.606588303,759,12.65,6.016154289
0.606599874,760,12.66666667,5.843389988
0.606611453,761,12.68333333,5.792123318
0.606623035,762,12.7,5.648550987
0.606634597,763,12.71666667,5.623337269
0.60664618,764,12.73333333,5.703339577
0.606657761,765,12.75,5.554152966
0.606669328,766,12.76666667,6.037742615
0.606680889,767,12.78333333,5.794289112
0.606692485,768,12.8,5.853767395
0.606704055,769,12.81666667,5.756711006
0.606715618,770,12.83333333,5.88049078
0.6067272,771,12.85,5.909515858
0.606738779,772,12.86666667,5.786406517
0.606750338,773,12.88333333,6.063099384
0.60676193,774,12.9,6.268019676
0.606773499,775,12.91666667,6.493093014
0.606785062,776,12.93333333,6.341463566
0.606796638,777,12.95,6.297851563
0.606808217,778,12.96666667,6.222614765
0.606819801,779,12.98333333,6.148752689
0.606831372,780,13,6.363518715
0.606842931,781,13.01666667,6.189012051
0.606854523,782,13.03333333,6.159516335
0.606866086,783,13.05,6.050059319
0.606877665,784,13.06666667,5.905713558
0.60688924,785,13.08333333,5.934111118
0.606900812,786,13.1,5.849952221
0.606912396,787,13.11666667,5.854881764
0.606923964,788,13.13333333,5.950242519
0.606935529,789,13.15,5.923181534
0.606947102,790,13.16666667,5.95960331
0.606958679,791,13.18333333,6.07462883
0.606970247,792,13.2,5.815001965
0.606981823,793,13.21666667,5.811833382
0.606993399,794,13.23333333,6.124696255
0.607004981,795,13.25,6.188312531
0.607016553,796,13.26666667,6.012662411
0.607028121,797,13.28333333,6.268676281
0.607039702,798,13.3,5.992011547
0.607051284,799,13.31666667,5.878701687
0.607062853,800,13.33333333,6.119109631
0.607074439,801,13.35,6.278440476
0.607086001,802,13.36666667,6.148544788
0.607097566,803,13.38333333,6.213044167
0.60710915,804,13.4,6.263274193
0.607120721,805,13.41666667,6.251885414
0.607132291,806,13.43333333,6.214358807
0.607143875,807,13.45,6.097746372
0.607155441,808,13.46666667,6.225333214
0.607167021,809,13.48333333,6.008991718
0.607178608,810,13.5,6.193783283
0.607190183,811,13.51666667,6.852390766
0.607201754,812,13.53333333,6.780732155
0.60721332,813,13.55,6.444550514
0.607224886,814,13.56666667,6.771635532
0.607236471,815,13.58333333,6.713968754
0.607248041,816,13.6,6.33556509
0.607259622,817,13.61666667,6.390901566
0.60727119,818,13.63333333,6.412697792
0.607282776,819,13.65,6.501341343
0.607294351,820,13.66666667,6.334915638
0.607305913,821,13.68333333,6.545572758
0.607317501,822,13.7,6.63364172
0.607329055,823,13.71666667,6.821642876
0.607340642,824,13.73333333,6.603337288
0.60735222,825,13.75,6.69107151
0.607363789,826,13.76666667,6.349131107
0.607375359,827,13.78333333,6.399526119
0.607386941,828,13.8,6.379632473
0.607398513,829,13.81666667,6.509943008
0.607410096,830,13.83333333,6.313622952
0.607421664,831,13.85,6.228332043
0.607433231,832,13.86666667,6.068243504
0.607444811,833,13.88333333,6.109514713
0.607456381,834,13.9,6.006699562
0.607467968,835,13.91666667,5.849508762
0.60747954,836,13.93333333,5.776010513
0.607491108,837,13.95,5.884317398
0.607502671,838,13.96666667,6.057981014
0.607514264,839,13.98333333,5.882633686
0.607525829,840,14,5.785057545
0.607537412,841,14.01666667,6.092075825
0.607548967,842,14.03333333,5.935839653
0.607560549,843,14.05,5.786650658
0.60757212,844,14.06666667,5.891664505
0.607583698,845,14.08333333,5.842273712
0.607595278,846,14.1,5.851975918
0.607606841,847,14.11666667,5.974406719
0.607618432,848,14.13333333,5.735085487
0.607629995,849,14.15,5.607059956
0.607641574,850,14.16666667,5.666507721
0.607653153,851,14.18333333,5.98737669
0.607664726,852,14.2,5.833086014
0.607676295,853,14.21666667,5.947920322
0.607687867,854,14.23333333,5.758945942
0.607699449,855,14.25,5.662745953
0.607711018,856,14.26666667,5.814079762
0.607722594,857,14.28333333,5.726848602
0.607734176,858,14.3,5.538170338
0.607745739,859,14.31666667,5.747291088
0.607757306,860,14.33333333,5.924379349
0.607768884,861,14.35,5.667473793
0.607780466,862,14.36666667,5.546794891
0.607792027,863,14.38333333,5.733667851
0.607803619,864,14.4,5.705996037
0.607815177,865,14.41666667,5.510656357
0.607826758,866,14.43333333,5.628427982
0.607838301,867,14.45,5.585289002
0.607849912,868,14.46666667,5.547306061
0.607861484,869,14.48333333,5.917927742
0.607873046,870,14.5,5.657688141
0.607884637,871,14.51666667,5.624550343
0.607896195,872,14.53333333,5.693642139
0.60790779,873,14.55,5.604603767
0.607919352,874,14.56666667,5.632563591
0.607930932,875,14.58333333,5.734407425
0.607942501,876,14.6,5.83361578
0.607954073,877,14.61666667,5.597967625
0.607965647,878,14.63333333,5.828483582
0.607977223,879,14.65,5.72248745
0.607988797,880,14.66666667,6.121506214
0.608000366,881,14.68333333,6.025453091
0.608011947,882,14.7,6.084131718
0.608023512,883,14.71666667,6.307360649
0.608035105,884,14.73333333,5.740790844
0.608046673,885,14.75,6.27963829
0.608058253,886,14.76666667,6.052560329
0.608069822,887,14.78333333,6.075427532
0.608081399,888,14.8,5.847657204
0.608092958,889,14.81666667,6.546628475
0.608104545,890,14.83333333,6.609919548
0.608116138,891,14.85,6.368489742
0.608127697,892,14.86666667,6.171747685
0.608139256,893,14.88333333,6.724388123
0.608150848,894,14.9,6.338052273
0.608162416,895,14.91666667,6.095042706
0.608173982,896,14.93333333,6.31248045
0.608185553,897,14.95,6.491826534
0.608197135,898,14.96666667,6.585741043
0.6082087,899,14.98333333,6.534674645
0.608220286,900,15,6.677460671
0.608231849,901,15.01666667,6.874538899
0.608243421,902,15.03333333,6.77879858
0.608255008,903,15.05,6.429822922
0.60826658,904,15.06666667,6.331381798
0.608278161,905,15.08333333,6.567607403
0.608289728,906,15.1,6.762900829
0.608301298,907,15.11666667,6.369512081
0.608312887,908,15.13333333,6.186579227
0.608324441,909,15.15,6.244656563
0.608336017,910,15.16666667,6.6261549
0.608347608,911,15.18333333,6.293139935
0.608359174,912,15.2,6.270516396
0.608370771,913,15.21666667,6.555144787
0.608382332,914,15.23333333,6.447748661
0.608393902,915,15.25,6.407664776
0.608405466,916,15.26666667,6.353970051
0.60841705,917,15.28333333,6.272217274
0.608428614,918,15.3,6.168615818
0.608440203,919,15.31666667,6.342590809
0.608451758,920,15.33333333,6.683374882
0.608463331,921,15.35,6.531388283
0.608474915,922,15.36666667,6.509764671
0.608486479,923,15.38333333,6.502295017
0.608498068,924,15.4,6.618986607
0.608509639,925,15.41666667,7.286723614
0.608521211,926,15.43333333,6.57408762
0.608532781,927,15.45,6.726799965
0.608544368,928,15.46666667,6.481235504
0.608555935,929,15.48333333,6.657801151
0.608567503,930,15.5,6.570209026
0.608579074,931,15.51666667,6.934527397
0.60859066,932,15.53333333,6.846995354
0.608602234,933,15.55,6.689790726
0.608613802,934,15.56666667,7.051363468
0.608625386,935,15.58333333,6.8083992
0.608636959,936,15.6,6.859740734
0.608648534,937,15.61666667,7.229896069
0.6086601,938,15.63333333,7.322340965
0.608671686,939,15.65,7.13690567
0.60868326,940,15.66666667,7.508770943
0.608694822,941,15.68333333,7.25276804
0.608706409,942,15.7,7.420449734
0.608717972,943,15.71666667,7.011276722
0.608729539,944,15.73333333,7.612844467
0.608741112,945,15.75,7.091902256
0.608752702,946,15.76666667,7.31590271
0.60876427,947,15.78333333,6.995822907
0.60877584,948,15.8,7.098679543
0.608787426,949,15.81666667,7.200893402
0.608798996,950,15.83333333,7.076525211
0.608810578,951,15.85,7.012695313
0.608822144,952,15.86666667,6.782865048
0.608833719,953,15.88333333,6.654816628
0.608845287,954,15.9,6.980984211
0.608856859,955,15.91666667,7.221024513
0.608868448,956,15.93333333,7.188766956
0.608880004,957,15.95,7.083113194
0.608891593,958,15.96666667,7.435862064
0.608903159,959,15.98333333,7.404197693
0.608914728,960,16,7.416938782
0.608926315,961,16.01666667,7.329497337
0.608937879,962,16.03333333,7.309980869
0.608949466,963,16.05,7.062985897
0.608961031,964,16.06666667,7.149140835
0.608972606,965,16.08333333,6.647856236
0.608984175,966,16.1,6.302792072
0.608995762,967,16.11666667,6.080804348
0.609007324,968,16.13333333,6.006800175
0.609018895,969,16.15,6.182209492
0.609030484,970,16.16666667,6.373447418
0.609042055,971,16.18333333,6.480770588
0.609053617,972,16.2,6.651757717
0.609065207,973,16.21666667,6.838555813
0.609076783,974,16.23333333,7.095852375
0.609088355,975,16.25,6.822164059
0.609099922,976,16.26666667,6.779255867
0.609111487,977,16.28333333,6.984260559
0.609123076,978,16.3,6.86452198
0.609134643,979,16.31666667,6.931010246
0.609146228,980,16.33333333,7.864960671
0.609157805,981,16.35,7.274427891
0.60916936,982,16.36666667,6.832253933
0.609180938,983,16.38333333,6.870596409
0.609192526,984,16.4,6.816124916
0.609204086,985,16.41666667,6.894190788
0.609215669,986,16.43333333,6.883039951
0.609227249,987,16.45,6.788624764
0.609238814,988,16.46666667,6.875643253
0.60925039,989,16.48333333,6.890883923
0.609261955,990,16.5,6.60673523
0.609273545,991,16.51666667,6.536153317
0.609285106,992,16.53333333,6.551229477
0.609296697,993,16.55,6.733814716
0.609308259,994,16.56666667,6.93161726
0.609319827,995,16.58333333,6.929884911
0.609331411,996,16.6,6.792038918
0.60934299,997,16.61666667,7.281367779
0.609354564,998,16.63333333,6.97549963
0.609366122,999,16.65,6.896992683
0.609377695,1000,16.66666667,6.926891327
0.609389291,1001,16.68333333,6.972392559
0.609400859,1002,16.7,6.926321983
0.609412439,1003,16.71666667,6.897172928
0.609424001,1004,16.73333333,7.038330078
0.609435582,1005,16.75,6.634204388
0.609447148,1006,16.76666667,6.803562164
0.609458737,1007,16.78333333,6.529506207
0.609470301,1008,16.8,6.604640484
0.609481864,1009,16.81666667,6.482394218
0.609493455,1010,16.83333333,6.525776863
0.609505017,1011,16.85,6.459332466
0.609516608,1012,16.86666667,6.562276363
0.609528159,1013,16.88333333,6.356375694
0.609539745,1014,16.9,6.35832119
0.609551311,1015,16.91666667,6.751095772
0.609562887,1016,16.93333333,6.740929604
0.609574466,1017,16.95,6.534680843
0.60958605,1018,16.96666667,6.668554306
0.609597613,1019,16.98333333,6.997511864
0.609609187,1020,17,6.679111958
0.609620756,1021,17.01666667,6.709245682
0.609632358,1022,17.03333333,6.67533493
0.609643903,1023,17.05,6.818275929
0.609655499,1024,17.06666667,6.70759964
0.609667064,1025,17.08333333,6.524847984
0.609678624,1026,17.1,6.382315636
0.609690206,1027,17.11666667,6.841905594
0.609701794,1028,17.13333333,7.05612421
0.609713348,1029,17.15,7.184735775
0.609724937,1030,17.16666667,6.836517811
0.609736505,1031,17.18333333,7.0400424
0.609748073,1032,17.2,7.224002838
0.609759654,1033,17.21666667,7.040923595
0.60977122,1034,17.23333333,7.393826008
0.609782811,1035,17.25,7.691359997
0.609794373,1036,17.26666667,7.621582031
0.609805952,1037,17.28333333,7.594992161
0.609817515,1038,17.3,7.1552248
0.609829103,1039,17.31666667,7.481185913
0.609840684,1040,17.33333333,7.307320595
0.609852244,1041,17.35,7.47450161
0.609863831,1042,17.36666667,7.155986786
0.609875397,1043,17.38333333,7.166415215
Moved Probe @17 minutes,1044,17.4,
0.609886982,1045,17.41666667,7.780017376
0.609898553,1046,17.43333333,7.767788887
0.609910121,1047,17.45,7.429215908
0.609921703,1048,17.46666667,7.232692719
0.609933267,1049,17.48333333,7.132357121
0.609944833,1050,17.5,7.035171509
0.609956428,1051,17.51666667,7.048568249
0.609967993,1052,17.53333333,6.866341591
0.609979556,1053,17.55,6.779849529
0.609991135,1054,17.56666667,7.050115109
0.610002721,1055,17.58333333,7.398033142
0.610014286,1056,17.6,7.144730091
0.610025874,1057,17.61666667,7.086724281
0.610037431,1058,17.63333333,7.145346642
0.610049019,1059,17.65,7.398513794
0.610060579,1060,17.66666667,7.09548521
0.610072151,1061,17.68333333,6.871398449
0.610083742,1062,17.7,6.780944824
0.610095311,1063,17.71666667,6.857276917
0.61010688,1064,17.73333333,7.151575565
0.610118467,1065,17.75,6.939610004
0.61013004,1066,17.76666667,6.690942764
0.610141605,1067,17.78333333,6.655126095
0.61015317,1068,17.8,6.660703182
0.61016476,1069,17.81666667,6.615560532
0.610176324,1070,17.83333333,6.587157726
0.610187913,1071,17.85,6.842871666
0.610199484,1072,17.86666667,6.752036095
0.610211051,1073,17.88333333,6.934013844
0.610222617,1074,17.9,6.981767654
0.610234207,1075,17.91666667,7.052282333
0.610245779,1076,17.93333333,6.914286137
0.610257357,1077,17.95,7.118546486
0.610268921,1078,17.96666667,6.906896114
0.610280493,1079,17.98333333,7.091438294
0.610292058,1080,18,7.132108688
0.610303634,1081,18.01666667,7.06055069
0.610315221,1082,18.03333333,7.06003952
0.610326788,1083,18.05,6.770330429
0.610338366,1084,18.06666667,6.61730814
0.610349939,1085,18.08333333,6.534402371
0.610361526,1086,18.1,6.748116016
0.610373096,1087,18.11666667,6.616327763
0.61038466,1088,18.13333333,6.835125923
0.61039623,1089,18.15,6.611711979
0.610407801,1090,18.16666667,6.738066196
0.610419398,1091,18.18333333,6.794434071
0.61043096,1092,18.2,6.665737152
0.610442534,1093,18.21666667,6.379151344
0.610454098,1094,18.23333333,6.834652424
0.610465675,1095,18.25,7.021119595
0.610477266,1096,18.26666667,7.080152035
0.610488837,1097,18.28333333,6.947603703
0.610500409,1098,18.3,7.210540295
0.610511979,1099,18.31666667,7.101263523
0.610523554,1100,18.33333333,7.073712349
0.610535121,1101,18.35,6.985461712
0.61054671,1102,18.36666667,7.059845924
0.610558274,1103,18.38333333,7.421141625
0.610569851,1104,18.4,7.094987392
0.610581418,1105,18.41666667,7.184162617
0.610593005,1106,18.43333333,7.222491741
0.610604571,1107,18.45,6.912425041
0.610616157,1108,18.46666667,7.14640379
0.610627721,1109,18.48333333,7.06966877
0.610639289,1110,18.5,7.404430389
0.610650866,1111,18.51666667,7.426184177
0.610662441,1112,18.53333333,7.125104427
0.610674013,1113,18.55,7.231644154
0.610685585,1114,18.56666667,7.294367313
0.610697176,1115,18.58333333,7.311151981
0.610708745,1116,18.6,6.984084129
END,1117,18.61666667,
0.610720317,1118,18.63333333,6.996095181
0.610731909,1119,18.65,6.946395874
0.610743475,1120,18.66666667,6.732244968
0.61075503,1121,18.68333333,6.746943951
0.610766624,1122,18.7,6.910597324
0.610778198,1123,18.71666667,6.612530708
0.610789761,1124,18.73333333,6.548574448
0.610801336,1125,18.75,6.340622425
0.610812908,1126,18.76666667,6.686154842
0.610824481,1127,18.78333333,6.415362835
0.610836048,1128,18.8,6.37297678
0.610847629,1129,18.81666667,6.679751396
0.610859212,1130,18.83333333,6.640730858
0.610870785,1131,18.85,6.621257782
0.610882351,1132,18.86666667,6.557368279
0.610893924,1133,18.88333333,6.65423727
0.610905511,1134,18.9,6.641626358
0.610917079,1135,18.91666667,7.426252842
0.610928649,1136,18.93333333,6.807726383
0.610940234,1137,18.95,6.737116337
0.610951796,1138,18.96666667,6.937156677
0.610963383,1139,18.98333333,6.910997391
0.610974942,1140,19,6.719455719
0.610986525,1141,19.01666667,6.905571938
0.610998092,1142,19.03333333,6.689465523
0.611009679,1143,19.05,6.677134991
0.611021243,1144,19.06666667,7.15084219
0.611032827,1145,19.08333333,7.152949333
0.611044394,1146,19.1,7.410818577
0.611055973,1147,19.11666667,7.221381664
0.611067547,1148,19.13333333,7.464683533
0.611079118,1149,19.15,7.644095421
0.611090685,1150,19.16666667,7.325350761
0.611102267,1151,19.18333333,7.653104305
0.61111383,1152,19.2,8.00595665
0.611125418,1153,19.21666667,7.273085594
0.611136978,1154,19.23333333,7.462641716
0.611148573,1155,19.25,7.731249332
0.611160141,1156,19.26666667,8.276395798
0.611171701,1157,19.28333333,8.055736542
0.611183292,1158,19.3,8.071432114
0.611194857,1159,19.31666667,8.494744301
0.611206424,1160,19.33333333,8.006418228
0.611218009,1161,19.35,7.898857594
0.611229579,1162,19.36666667,8.053739548
0.611241164,1163,19.38333333,8.179239273
0.611252742,1164,19.4,8.163747788
0.611264309,1165,19.41666667,8.603169441
0.611275879,1166,19.43333333,8.075012207
0.611287454,1167,19.45,8.194911003
0.611299021,1168,19.46666667,8.042293549
0.611310612,1169,19.48333333,8.153353691
0.611322182,1170,19.5,8.077178001
0.611333761,1171,19.51666667,7.644458294
0.611345322,1172,19.53333333,7.619382858
0.611356888,1173,19.55,7.322665691
0.611368475,1174,19.56666667,7.026398659
0.611380059,1175,19.58333333,6.959439278
0.61139162,1176,19.6,6.889701366
0.611403194,1177,19.61666667,7.273959637
0.611414762,1178,19.63333333,7.609238148
0.61142634,1179,19.65,8.095121384
0.611437913,1180,19.66666667,8.20505333
0.611449499,1181,19.68333333,7.700834274
0.611461063,1182,19.7,8.146564484
0.611472654,1183,19.71666667,8.00899601
0.611484218,1184,19.73333333,7.579514504
0.611495801,1185,19.75,7.312519074
0.611507365,1186,19.76666667,7.28203392
0.611518935,1187,19.78333333,7.645345211
0.611530526,1188,19.8,7.633891106
0.611542087,1189,19.81666667,7.374926567
0.611553679,1190,19.83333333,7.375398636
0.611565243,1191,19.85,7.345948696
0.611576802,1192,19.86666667,7.776562691
0.611588394,1193,19.88333333,8.44466877
0.611599959,1194,19.9,7.941841126
0.611611536,1195,19.91666667,8.405252457
0.61162312,1196,19.93333333,8.232338905
0.61163468,1197,19.95,8.025512695
0.611646262,1198,19.96666667,7.739919663
0.611657823,1199,19.98333333,7.929698467
0.611669409,1200,20,8.17768383
0.611680976,1201,20.01666667,8.194207192
0.611692566,1202,20.03333333,8.210783005
0.611704124,1203,20.05,7.906685829
0.611715709,1204,20.06666667,7.572943687
0.611727279,1205,20.08333333,8.316819191
0.611738846,1206,20.1,8.322378159
0.611750428,1207,20.11666667,8.145560265
0.61176201,1208,20.13333333,7.816123009
0.611773576,1209,20.15,8.184189796
0.611785142,1210,20.16666667,8.041068077
0.611796713,1211,20.18333333,7.855741024
0.61180829,1212,20.2,7.933531761
0.611819862,1213,20.21666667,8.18275547
0.611831447,1214,20.23333333,7.95927906
0.611843019,1215,20.25,8.329906464
0.611854591,1216,20.26666667,8.314310074
0.611866177,1217,20.28333333,8.389182091
0.611877743,1218,20.3,8.383414269
0.611889315,1219,20.31666667,7.959277153
0.611900881,1220,20.33333333,7.509444237
0.611912478,1221,20.35,7.651102543
0.611924043,1222,20.36666667,7.617407322
0.611935612,1223,20.38333333,7.3998456
0.61194719,1224,20.4,7.37930584
0.611958772,1225,20.41666667,7.605241776
0.611970331,1226,20.43333333,7.218875408
0.61198192,1227,20.45,7.218248844
0.611993484,1228,20.46666667,7.241246223
0.612005051,1229,20.48333333,7.400866985
0.612016643,1230,20.5,7.875121117
0.612028213,1231,20.51666667,7.720890999
0.612039778,1232,20.53333333,7.442839146
0.612051348,1233,20.55,7.494750977
0.61206293,1234,20.56666667,7.601394177
0.612074496,1235,20.58333333,7.909058094
0.612086091,1236,20.6,8.000488281
0.612097653,1237,20.61666667,8.108317375
0.612109237,1238,20.63333333,8.044185638
0.612120815,1239,20.65,8.201599121
0.612132385,1240,20.66666667,8.199868202
0.612143945,1241,20.68333333,8.452752113
0.612155532,1242,20.7,8.38027668
0.612167101,1243,20.71666667,8.28518486
0.612178683,1244,20.73333333,8.532689095
